0,51.5092544612815,-0.161045484887493,0,-0,-1.542892291
0.5,51.5092545510471,-0.161045491596891,0.03,-0,-3.48101299600506
1,51.5092551794935,-0.161045518368463,0.21,-0.01,-0.863396243858285
1.5,51.5092566399715,-0.161045494525171,0.4,0.01,-0.0930753183406842
2,51.5092590891285,-0.161045499385527,0.64,-0.01,-0.321202522321127
2.5,51.5092624595037,-0.161045501274804,0.82,0,0.368579399767148
3,51.5092669983481,-0.161045448377269,1.14,0.01,0.898438993888938
3.5,51.5092721884257,-0.161045344687834,1.17,0.02,1.26971320056002
4,51.5092779801675,-0.161045527608353,1.38,-0.06,-0.406500043239043
4.5,51.5092836601029,-0.161045833315991,1.19,-0.03,-0.242140713875826
5,51.5092891202292,-0.161045889107658,1.24,0.01,0.00837741937374489
5.5,51.5092949173145,-0.161045856977024,1.33,0,0.251287634696165
6,51.509300780403,-0.161045950607593,1.29,-0.02,-0.426147525102392
6.5,51.5093066626929,-0.161045869712245,1.32,0.03,0.440729142244268
7,51.5093120970733,-0.161045712773957,1.13,0.01,0.384426537583487
7.5,51.5093177585012,-0.161045658914461,1.35,0,0.793350908911621
8,51.509323485168,-0.161045734577811,1.22,-0.02,0.430885051539588
8.5,51.5093291644611,-0.161046139464138,1.29,-0.08,-0.0633414746658219
9,51.5093347549957,-0.161046491444655,1.21,-0.03,-0.321590952147749
9.5,51.5093404618588,-0.161046066819813,1.31,0.12,1.46007672869254
10,51.5093460980441,-0.161045244082453,1.21,0.11,2.05960117298747
10.5,51.5093517099043,-0.161044868693673,1.27,0.01,1.92908736723385
11,51.5093571234379,-0.16104464667048,1.16,0.04,1.73107944082395
11.5,51.5093628074017,-0.16104453684804,1.34,-0.01,1.27359027117955
12,51.5093684024532,-0.161044558828131,1.18,-0,0.956658052166882
12.5,51.5093741996703,-0.16104453899686,1.37,0.01,1.02271151267992
13,51.509379861447,-0.161044602936042,1.18,-0.02,0.446266828206638
13.5,51.5093855666521,-0.161044851585815,1.33,-0.05,-0.10568442511676
14,51.5093910019831,-0.161045111225503,1.13,-0.03,-0.429813821018795
14.5,51.509396527899,-0.161045122536479,1.3,0.02,-0.155681172233202
15,51.5094018711903,-0.161045250385632,1.11,-0.04,-0.587668383248667
15.5,51.5094074287252,-0.161045887191406,1.33,-0.12,-1.76979569520115
16,51.5094130096808,-0.161046494204515,1.18,-0.06,-2.23403892191082
16.5,51.5094186466449,-0.161046713067229,1.3,-0.01,-1.77411004619542
17,51.5094241056796,-0.161046851989366,1.15,-0.03,-1.36031785028803
17.5,51.5094297418621,-0.161047179611263,1.33,-0.06,-1.38929285069355
18,51.5094354678161,-0.161047515025282,1.24,-0.04,-1.44839747589577
18.5,51.5094413308923,-0.161047723263857,1.35,-0.02,-1.09263894741302
19,51.5094469247336,-0.161047903077455,1.17,-0.03,-0.730230975530221
19.5,51.5094526058275,-0.161047816657362,1.33,0.04,-0.439500736033821
20,51.509458242548,-0.161047534683881,1.2,0.04,-0.447795364134901
20.5,51.5094635225713,-0.161047491367809,1.16,-0.02,-0.400257577715551
21,51.5094691617131,-0.161047630798728,1.32,-0.02,-0.827924721780351
21.5,51.5094748166999,-0.161047426804383,1.21,0.06,-0.138856415056878
22,51.5094801574578,-0.161047238299442,1.17,0,-0.290813967338163
22.5,51.5094855247106,-0.161047522503308,1.21,-0.07,-0.851331349438858
23,51.5094910487345,-0.16104757103453,1.24,0.04,-0.2039213028931
23.5,51.509496439744,-0.161047349877491,1.17,0.03,-0.0111782265076858
24,51.5095019409404,-0.161047477047783,1.26,-0.05,-0.267310310967957
24.5,51.5095074876446,-0.161047693233386,1.21,-0.02,-0.43024031887632
25,51.5095131719198,-0.161047589440965,1.3,0.04,-0.492957909017295
25.5,51.5095189234986,-0.161047527715952,1.27,-0.01,-0.62300679513608
26,51.5095246083342,-0.16104758017309,1.26,-0,-0.676398455068767
26.5,51.5095300392692,-0.161047902556588,1.17,-0.07,-1.30460945446301
27,51.50953573905,-0.161048309556816,1.34,-0.05,-1.37465547532354
27.5,51.5095414404672,-0.161048108046408,1.22,0.08,-0.824787841963552
28,51.5095471871017,-0.161047868368975,1.32,0,-0.875073028626238
28.5,51.5095529167239,-0.161047873819168,1.24,-0,-0.614718060392444
29,51.5095586612119,-0.161048170355546,1.3,-0.07,-1.03365095534003
29.5,51.5095642908604,-0.161048701784134,1.22,-0.08,-0.763887090731041
30,51.5095699467429,-0.161049138240291,1.29,-0.05,-0.744320726981199
30.5,51.5095758518804,-0.161049473075363,1.33,-0.04,-1.05922297830092
31,51.5095815801656,-0.161049431776699,1.23,0.04,-0.495151685518023
31.5,51.5095871740776,-0.161049341562139,1.25,-0.01,-0.360264384389709
32,51.5095927869774,-0.161049119471491,1.25,0.06,0.57850047081013
32.5,51.5095981972958,-0.161048963364053,1.17,-0,-0.105715741587989
33,51.5096025273704,-0.161049298568215,0.82,-0.08,-1.35350523916775
33.5,51.5096059369937,-0.16104959723098,0.72,-0.02,-0.954245599189731
34,51.5096081831912,-0.161049625365291,0.35,0.01,-0.436488440471034
34.5,51.5096093513511,-0.161049347429801,0.2,0.06,14.8850849689793
35,51.5096104450063,-0.161048624216823,0.27,0.13,29.8684158538852
35.5,51.50961142526,-0.161047448598942,0.18,0.19,45.0332663220799
36,51.5096120949485,-0.161046026640637,0.13,0.2,60.5490014799023
36.5,51.5096124829527,-0.161044393178532,0.06,0.24,75.7099721219922
37,51.509612640599,-0.161042331402726,0.02,0.32,90.1948571429167
37.5,51.5096125087836,-0.161040669873767,-0.06,0.17,104.7144006052
38,51.5096120894217,-0.161038931853499,-0.11,0.29,118.829899994907
38.5,51.509611474816,-0.161037393154955,-0.15,0.16,132.95880355344
39,51.5096107469589,-0.161036292257143,-0.17,0.15,147.032538277043
39.5,51.5096098023868,-0.161035603439041,-0.24,0.06,163.068625657551
40,51.5096088280014,-0.161035400879534,-0.2,0.01,178.600308530467
40.5,51.5096074574917,-0.161035366563373,-0.38,0,178.786217969512
41,51.5096051209912,-0.161035299479544,-0.62,0.01,178.713292713965
41.5,51.5096018951282,-0.161035521907887,-0.79,-0.06,180.063898740889
42,51.5095975512974,-0.161036071146388,-1.09,-0.09,180.66234891327
42.5,51.509592257686,-0.161035992456783,-1.24,0.08,179.781098605525
43,51.5095864923222,-0.161035474396362,-1.31,0.07,179.312060773896
43.5,51.5095808348954,-0.161035457167207,-1.22,-0.04,179.894912932127
44,51.5095751753101,-0.161035547008584,-1.29,0.01,179.940845488758
44.5,51.5095695592629,-0.161035568825406,-1.22,-0.01,180.320564036612
45,51.5095639901173,-0.161035490666344,-1.25,0.03,180.060897982602
45.5,51.5095584429046,-0.161035372519193,-1.22,0.01,180.243966056073
46,51.5095527596206,-0.161035583793531,-1.29,-0.06,180.574698907294
46.5,51.5095470539866,-0.161035636598023,-1.25,0.03,180.464859223296
47,51.5095415089077,-0.161035298908496,-1.22,0.06,179.94993664331
47.5,51.5095360994484,-0.161034911046932,-1.19,0.05,179.425120482244
48,51.5095305287301,-0.161034687693916,-1.27,0.02,179.530452064418
48.5,51.5095248478783,-0.161034836000307,-1.26,-0.05,180.039077250672
49,51.5095190785793,-0.161035235001854,-1.3,-0.06,180.235371375155
49.5,51.509513538928,-0.161035041505689,-1.18,0.09,178.886147853727
50,51.5095079126333,-0.16103494894988,-1.3,-0.04,179.235825587783
50.5,51.5095023710542,-0.161034978392813,-1.19,0.02,178.779356406804
51,51.5094966545335,-0.16103436609433,-1.33,0.13,178.397556276245
51.5,51.5094911137516,-0.161034052616783,-1.16,-0.02,178.904270877177
52,51.5094858159527,-0.161034359412609,-1.19,-0.06,179.690640821643
52.5,51.5094803873921,-0.161034388138591,-1.22,0.04,179.616486786031
53,51.5094746857225,-0.161034283769054,-1.3,-0,180.309833577664
53.5,51.5094691892181,-0.161034745361446,-1.17,-0.11,180.91327536505
54,51.5094634914819,-0.161035254734874,-1.34,-0.04,181.044656975092
54.5,51.5094578992932,-0.161035534296883,-1.18,-0.04,181.231340007428
55,51.5094522206893,-0.161035357393881,-1.32,0.07,180.491899474812
55.5,51.5094465416536,-0.161035000143743,-1.22,0.04,179.68002165141
56,51.5094409497383,-0.161034728174998,-1.26,0.04,178.846547741217
56.5,51.5094351802399,-0.161034330950487,-1.3,0.07,178.670293623617
57,51.5094295654961,-0.161034068224276,-1.21,0.01,178.311025270068
57.5,51.5094237693754,-0.161034093787693,-1.34,-0.02,178.344728973096
58,51.5094181506371,-0.161033652039895,-1.19,0.12,176.901885557721
58.5,51.5094126264637,-0.161032830352609,-1.26,0.11,177.465434438216
59,51.5094069250094,-0.161032566501726,-1.27,-0.02,178.236984097495
59.5,51.5094010430126,-0.161032319494939,-1.33,0.07,178.296487454468
60,51.5093954532686,-0.16103213638059,-1.18,-0.01,179.181314849586
60.5,51.5093897463741,-0.161032190304118,-1.33,-0.01,179.696424007031
61,51.5093839533923,-0.161031909201543,-1.26,0.07,179.3322518613
61.5,51.5093784528884,-0.16103176513438,-1.2,-0.02,180.238233418628
62,51.509372768682,-0.161031898147686,-1.31,-0.02,180.537047494967
62.5,51.5093670617424,-0.161031857014214,-1.24,0.02,179.93989237799
63,51.5093612343455,-0.161032243886393,-1.34,-0.11,180.967701980486
63.5,51.5093555640824,-0.161032792628251,-1.21,-0.05,180.769981409863
64,51.5093499278507,-0.161033101663342,-1.28,-0.04,180.801594995808
64.5,51.5093444734644,-0.161033506917882,-1.16,-0.07,180.497981857544
65,51.5093388365631,-0.161033765797057,-1.32,-0.01,179.526374263763
65.5,51.5093332194031,-0.161033768220598,-1.2,0.01,179.367449452441
66,51.5093276022031,-0.161033669400983,-1.28,0.02,179.437993944677
66.5,51.5093220300418,-0.161033558692306,-1.21,0.01,180.057672913445
67,51.5093163905165,-0.161033440765331,-1.29,0.02,180.401090976453
67.5,51.5093108684831,-0.161033110523546,-1.19,0.07,180.13941587995
68,51.5093051225167,-0.161032926621518,-1.34,-0,180.353233400735
68.5,51.5092996405903,-0.161033060579287,-1.13,-0.03,180.380827845147
69,51.5092939374812,-0.161032847256379,-1.36,0.07,179.896599128717
69.5,51.5092884592545,-0.161032686358909,-1.12,-0.01,179.748263117477
70,51.5092827074107,-0.161032798473632,-1.39,-0.02,179.611896891905
70.5,51.5092770460444,-0.161032704542531,-1.17,0.03,179.985966956535
71,51.5092715009851,-0.161032343506765,-1.28,0.06,179.342381880282
71.5,51.5092659360482,-0.161032329858736,-1.21,-0.04,179.48689455927
72,51.509261468475,-0.16103240009413,-0.84,0.01,178.899548298979
72.5,51.5092581708396,-0.161032118448918,-0.66,0.06,178.029587606263
73,51.5092557928782,-0.161031919316816,-0.44,0.01,177.965335225719
73.5,51.5092544282743,-0.161031572058796,-0.21,0.08,163.129588400112
74,51.5092533932461,-0.161030824974497,-0.25,0.12,148.031616610713
74.5,51.5092526601602,-0.161029887835781,-0.11,0.14,133.640897369705
75,51.5092520456129,-0.161028576378644,-0.16,0.21,118.62734216353
75.5,51.5092515588991,-0.161026472682144,-0.07,0.35,103.227035004554
76,51.5092514547678,-0.161024762692989,0.01,0.16,88.2366082346899
76.5,51.5092516034985,-0.16102288162897,0.05,0.33,74.3128636595105
77,51.5092520673964,-0.161020988269,0.14,0.22,59.6972879492657
77.5,51.5092527321819,-0.161019606139412,0.15,0.18,44.7537649220645
78,51.5092537212304,-0.161018448961139,0.27,0.15,29.9290622976043
78.5,51.5092549211884,-0.16101766633449,0.27,0.08,15.2609014187297
79,51.5092559568007,-0.161017406779448,0.21,0.01,0.823290177265343
79.5,51.5092573718906,-0.161017346281064,0.39,0.01,0.45838347947633
80,51.5092595734722,-0.161017348406426,0.56,-0.01,-0.187993660152931
80.5,51.5092628082588,-0.161017471351895,0.83,-0.02,-0.142542031507007
81,51.5092671891774,-0.161017540033989,1.07,0,-0.204086917260327
81.5,51.5092724696149,-0.161017513718014,1.25,0.01,0.0159216963768002
82,51.509278198884,-0.161017417580401,1.3,0.02,0.350089483012501
82.5,51.509283748385,-0.161017305629596,1.19,0.01,0.315593006471731
83,51.5092894727071,-0.161017570984081,1.33,-0.07,-0.35789104177224
83.5,51.5092950393068,-0.161017942017343,1.17,-0.04,-0.338662797969911
84,51.509300564532,-0.161017873717527,1.27,0.04,0.165060601786144
84.5,51.5093064048221,-0.161017686648205,1.32,0.01,0.0180443061783022
85,51.5093122469245,-0.161017627513654,1.28,0,-0.134776543635079
85.5,51.5093180432414,-0.161017699054682,1.29,-0.02,0.0772767637463955
86,51.5093235925001,-0.161017832004706,1.19,-0.02,0.013985458981303
86.5,51.5093290943832,-0.161017641377853,1.25,0.06,-0.128283665097226
87,51.5093346352229,-0.161017717118443,1.22,-0.06,-1.28544345543224
87.5,51.5093402685168,-0.161018108822783,1.27,-0.05,-1.1391570398948
88,51.5093459508907,-0.161018035583685,1.26,0.05,-0.481228218583041
88.5,51.5093516098142,-0.161017714411521,1.26,0.04,0.00949444744847639
89,51.5093571129898,-0.161017644837477,1.2,-0.01,-0.237739171623003
89.5,51.5093628647652,-0.161017769723343,1.34,-0.02,0.0949125272893768
90,51.5093684805828,-0.161017658669813,1.19,0.04,0.899438113530895
90.5,51.5093742302291,-0.161017377165116,1.34,0.04,0.731261468994779
91,51.5093799561048,-0.161017460120532,1.23,-0.05,0.485150367447273
91.5,51.5093854583581,-0.161017698264313,1.22,-0.02,0.104594189408413
92,51.5093908032352,-0.161017935481318,1.17,-0.04,-0.518745726506918
92.5,51.5093963952206,-0.161018165064,1.3,-0.03,-0.420541231352818
93,51.5094019888548,-0.161018327313212,1.21,-0.02,-0.687084864992263
93.5,51.5094077397661,-0.16101847974076,1.33,-0.02,-0.528830759246209
94,51.5094134850236,-0.161018162399345,1.24,0.09,0.311773834329566
94.5,51.5094191848913,-0.161017755021239,1.29,0.03,0.896844677824925
95,51.5094248688344,-0.161017583634789,1.25,0.02,1.44119982680044
95.5,51.5094306177496,-0.161017705433193,1.3,-0.04,0.671859491361602
96,51.5094362316292,-0.161018015577736,1.21,-0.04,0.110586896617745
96.5,51.5094419156484,-0.161018079963038,1.3,0.02,0.294848754044327
97,51.5094476845264,-0.161017742007583,1.27,0.07,1.03874051566764
97.5,51.5094533167767,-0.16101728190444,1.24,0.06,1.23549283049249
98,51.5094588187026,-0.161016980506271,1.21,0.03,1.57850017790382
98.5,51.5094642768076,-0.161016736051047,1.22,0.04,1.7953576208518
99,51.5094700487971,-0.161016449625468,1.33,0.04,1.82761892484083
99.5,51.5094757094246,-0.161016270864954,1.21,0.01,1.536050945409
100,51.5094814825079,-0.161016415269605,1.34,-0.04,0.46384995463978
100.5,51.5094867836863,-0.161016511512413,1.07,0.01,0.280888959430017
101,51.5094926706399,-0.161016470858906,1.48,0,-0.141107189898151
101.5,51.5094982200869,-0.161016388317757,1.06,0.02,0.198640449728773
102,51.5095035887452,-0.161016172918214,1.29,0.04,0.205445882423941
102.5,51.5095093138009,-0.161016276844579,1.27,-0.05,-0.326666396729132
103,51.5095150171332,-0.161016432214181,1.27,-0,-0.110826735360589
103.5,51.5095203833303,-0.161016588395627,1.14,-0.04,-0.99075235989649
104,51.5095259953079,-0.161016979202404,1.33,-0.07,-1.48431109162057
104.5,51.5095314959868,-0.161017331881715,1.15,-0.04,-1.7735251741219
105,51.5095371329154,-0.161017571208613,1.33,-0.03,-1.49327510808512
105.5,51.5095426363703,-0.161017754508083,1.15,-0.02,-1.79038215213884
106,51.5095481842221,-0.161018001284556,1.29,-0.04,-1.44828517527074
106.5,51.5095538900174,-0.161018217707214,1.25,-0.02,-1.58780115880468
107,51.5095595059144,-0.161018241488414,1.25,0.01,-0.710330516306549
107.5,51.5095651867171,-0.161018369925596,1.28,-0.04,-0.877170228242992
108,51.5095704627046,-0.161018709964522,1.1,-0.05,-0.912392238311392
108.5,51.5095761823619,-0.161019212386585,1.39,-0.08,-2.0982918048672
109,51.509581874352,-0.161019882662382,1.18,-0.1,-2.41100965036678
109.5,51.5095876648757,-0.161020233234321,1.37,-0.01,-2.09796326976826
110,51.5095931924547,-0.16102026785108,1.14,-0,-2.49747651053862
110.5,51.5095986301814,-0.161020242459098,1.26,0.01,-2.36684981305395
111,51.5096032576358,-0.16102034673279,0.87,-0.03,-2.8653779107347
111.5,51.5096067542636,-0.161020705640635,0.72,-0.06,-2.90141292063913
112,51.5096090402533,-0.161020951762034,0.36,-0.01,-2.54634080082049
112.5,51.5096106161073,-0.16102072702463,0.34,0.06,12.6342242517373
113,51.5096115695061,-0.161020137278821,0.12,0.1,28.3133769773318
113.5,51.5096123207034,-0.16101919046827,0.2,0.16,43.9862533593366
114,51.5096128668856,-0.161017894886275,0.07,0.2,60.312906260908
114.5,51.5096133758524,-0.16101570794665,0.15,0.38,75.0450625357438
115,51.5096135347386,-0.161013837291579,-0.04,0.18,90.1554587214602
115.5,51.5096133947894,-0.161012099216579,-0.02,0.29,104.705174203561
116,51.5096130238838,-0.161010566992538,-0.12,0.16,119.096291549468
116.5,51.5096124995419,-0.161009413098593,-0.11,0.16,133.671903702487
117,51.5096115180647,-0.16100818488775,-0.29,0.18,148.697938629562
117.5,51.5096106159823,-0.161007560669386,-0.14,0.02,163.428753680013
118,51.5096093631301,-0.161007265942987,-0.38,0.05,178.546249603817
118.5,51.5096079475724,-0.16100725765007,-0.27,-0.04,178.944509663675
119,51.50960579154,-0.161007161240679,-0.63,0.05,179.13090285765
119.5,51.5096023367885,-0.161006851853916,-0.87,0.04,178.506114667997
120,51.5095974671022,-0.161006493559282,-1.23,0.06,178.228092070437
120.5,51.5095920975301,-0.161006366905909,-1.17,-0.01,179.021007119283
121,51.5095863677834,-0.161006302996644,-1.35,0.02,179.163046468202
121.5,51.5095806833904,-0.161006348209348,-1.21,-0.03,179.356277276588
122,51.5095751787491,-0.161006390416515,-1.24,0.01,179.697879577051
122.5,51.5095696512764,-0.161006387873678,-1.22,-0.01,180.551446698843
123,51.5095639690132,-0.16100661851455,-1.29,-0.05,181.526443259334
123.5,51.5095582193368,-0.161006786939731,-1.27,-0,181.181710968603
124,51.5095526287788,-0.161007012114652,-1.23,-0.05,181.743889908757
124.5,51.5095469936243,-0.161007339475224,-1.27,-0.04,181.977889900535
125,51.509541287305,-0.161007516426705,-1.27,-0.01,181.86230118748
125.5,51.5095356068409,-0.161007853758207,-1.26,-0.07,181.289920778216
126,51.5095298586262,-0.16100801901668,-1.29,0.01,180.341617365929
126.5,51.5095242371997,-0.161007435669546,-1.22,0.13,178.940806193533
127,51.5095185720729,-0.16100677368907,-1.29,0.07,178.515139256508
127.5,51.5095130322304,-0.161006276840995,-1.19,0.07,177.829284673253
128,51.50950740181,-0.161006005478669,-1.29,0.01,178.268627992837
128.5,51.5095017195775,-0.161005918924211,-1.24,0.01,178.689287604326
129,51.5094959475417,-0.161005643996373,-1.31,0.06,179.326076386543
129.5,51.5094903327355,-0.161005727470791,-1.21,-0.06,180.191019373863
130,51.5094847179162,-0.161005994480314,-1.28,-0.02,180.357354511252
130.5,51.5094791234576,-0.161006107766325,-1.22,-0.01,180.161696102154
131,51.509473393636,-0.161006152422489,-1.31,-0,180.145087853013
131.5,51.5094679373941,-0.161006409128012,-1.14,-0.06,180.317869709464
132,51.5094622584845,-0.161006821405517,-1.35,-0.06,180.086118030306
132.5,51.5094565761731,-0.161007091687791,-1.21,-0.02,179.712028834851
133,51.5094507122693,-0.161007225058369,-1.37,-0.01,179.155396479576
133.5,51.5094451622822,-0.161007287281962,-1.14,-0,179.557048900222
134,51.5094395451896,-0.161007254222583,-1.33,0.01,179.745743165623
134.5,51.5094340244268,-0.161006879739923,-1.16,0.08,179.481170919065
135,51.5094284359947,-0.161006577834612,-1.3,0.01,179.761217730582
135.5,51.5094228423771,-0.161006728693745,-1.2,-0.05,180.406687642448
136,51.5094172712532,-0.161006893851379,-1.26,-0.01,181.213836351848
136.5,51.5094118572981,-0.161006779251922,-1.16,0.03,180.161005360782
137,51.5094061515565,-0.16100670114848,-1.34,-0,179.915247748862
137.5,51.5094003785877,-0.161006613969746,-1.24,0.02,179.871954841436
138,51.5093947401651,-0.161006437668359,-1.26,0.03,180.04386075945
138.5,51.5093890555178,-0.16100634979175,-1.27,0,179.753850569974
139,51.5093833935985,-0.161006356764423,-1.26,-0,179.75124707208
139.5,51.5093778228658,-0.16100627348312,-1.23,0.02,179.789107093073
140,51.5093720946698,-0.161006083615459,-1.31,0.03,180.071129074437
140.5,51.5093665913786,-0.161006208772864,-1.17,-0.05,180.422613917746
141,51.5093609787438,-0.161006162109378,-1.31,0.05,179.751771983759
141.5,51.5093552750429,-0.161005854008768,-1.24,0.04,179.896722235566
142,51.5093498423565,-0.161005512900238,-1.18,0.05,179.584676950528
142.5,51.5093445444243,-0.161005175764689,-1.17,0.04,179.466623905764
143,51.5093388609156,-0.161005182214497,-1.33,-0.03,179.810165041832
143.5,51.5093334523664,-0.161005572312751,-1.12,-0.07,180.578658531039
144,51.5093280209781,-0.161005931332927,-1.27,-0.04,180.782085924376
144.5,51.5093222939106,-0.161005812868134,-1.28,0.05,180.122053742151
145,51.5093167487569,-0.161005436446676,-1.2,0.05,179.208719768081
145.5,51.5093110440858,-0.161005202486487,-1.31,0.02,179.366420810328
146,51.5093054062147,-0.161005338398547,-1.21,-0.05,180.081694052127
146.5,51.509299881306,-0.161005609833545,-1.24,-0.03,179.63201640378
147,51.5092943994394,-0.161005751797577,-1.2,-0.01,179.645751764581
147.5,51.50928864775,-0.161005884048957,-1.33,-0.02,180.115185547277
148,51.5092830983749,-0.161006027311268,-1.17,-0.02,180.338557164767
148.5,51.5092774141931,-0.161005996134829,-1.33,0.02,179.927889403319
149,51.5092718646031,-0.161005921994446,-1.17,0,180.025199734482
149.5,51.5092664719557,-0.161005983992319,-1.22,-0.02,180.204648733634
150,51.509261888226,-0.161006007622898,-0.88,0.01,180.218874037806
150.5,51.5092586078181,-0.161005951826824,-0.63,0.01,180.410952097244
151,51.509256406302,-0.161005874870624,-0.39,0.01,180.45805886294
151.5,51.5092549687805,-0.161005552796209,-0.27,0.07,165.373122423383
152,51.509253869103,-0.161004859546762,-0.23,0.12,150.863036600747
152.5,51.5092529715492,-0.161003856077815,-0.18,0.16,136.370251879433
153,51.5092522593094,-0.161002575736422,-0.14,0.19,122.198605843829
153.5,51.5092519177038,-0.161001383177933,-0.03,0.15,106.539152021392
154,51.5092517874225,-0.160999753809723,-0.03,0.28,91.2301472328589
154.5,51.5092519441609,-0.160998062313504,0.08,0.2,75.6289756282778
155,51.5092523793182,-0.160996372939815,0.11,0.26,60.6493277756382
155.5,51.5092529038296,-0.160995270973493,0.12,0.08,45.108812745837
156,51.5092537983141,-0.160994134015165,0.25,0.21,30.8304362465288
156.5,51.5092548254751,-0.160993365601356,0.21,0.03,16.0237750072733
157,51.5092557933149,-0.160993166182482,0.22,0.02,0.438599760722504
157.5,51.5092571634236,-0.16099317794347,0.37,-0.02,0.486186552975563
158,51.5092593650581,-0.160993108292337,0.58,0.03,0.44664456407441
158.5,51.5092628910789,-0.16099318036223,0.93,-0.04,-0.111607501854334
159,51.5092672932532,-0.160993308321061,1.01,-0,-0.0473178833882973
159.5,51.5092726628097,-0.160993180919079,1.32,0.03,0.829731939599648
160,51.509278301578,-0.160992993520222,1.21,0.02,1.09885732652598
160.5,51.5092840949096,-0.160993140793,1.35,-0.05,0.655251716435914
161,51.5092897763326,-0.160993397989889,1.21,-0.03,0.151646812464934
161.5,51.5092952586094,-0.160993501772567,1.23,-0.01,0.187499534003094
162,51.5093007378721,-0.160993365621767,1.21,0.04,0.644608052208963
162.5,51.509306172317,-0.160993097226291,1.21,0.04,0.367578090896558
163,51.5093117446265,-0.160993022521046,1.26,-0.01,0.14604704704775
163.5,51.5093175415184,-0.160992933598432,1.31,0.03,0.426266954728581
164,51.5093232709961,-0.160992873663471,1.25,-0,0.481037023211829
164.5,51.5093288351623,-0.160992542661566,1.23,0.08,1.16406245886859
165,51.5093344175643,-0.160991948417097,1.25,0.08,1.48556837391532
165.5,51.5093401840903,-0.160991452455238,1.31,0.06,1.78218725659107
166,51.5093457302353,-0.16099116837297,1.18,0.03,2.01939455494033
166.5,51.5093514372845,-0.160991064208456,1.33,0.01,1.67228404784667
167,51.5093571891871,-0.160991076578181,1.24,-0.01,1.35817471216371
167.5,51.5093629616469,-0.16099096466922,1.31,0.03,1.08569274876024
168,51.5093687529311,-0.160990546510075,1.27,0.08,1.51977462328236
168.5,51.5093744108492,-0.160990207276641,1.25,0.03,1.32224993938719
169,51.5093800499671,-0.160990151939997,1.26,-0.01,0.226007165675324
169.5,51.5093855992725,-0.160990101342407,1.22,0.02,0.159312881902099
170,51.5093912358203,-0.160990202884758,1.28,-0.04,-0.389671757346739
170.5,51.5093967372206,-0.16099052187209,1.19,-0.05,-0.396671209154244
171,51.509402465979,-0.160990665101475,1.34,0,-0.365501278392992
171.5,51.5094078812715,-0.160990680659369,1.11,-0,-0.393750634770027
172,51.5094133863166,-0.160990637042758,1.3,0.01,0.0267110407037061
172.5,51.5094188229308,-0.160990473205539,1.14,0.03,0.29630943806881
173,51.5094244169456,-0.160990345296873,1.32,0.01,0.58459890507318
173.5,51.5094300295911,-0.160990074773525,1.2,0.06,1.27086367380452
174,51.5094355074634,-0.160989783933255,1.23,0.03,1.13654829465345
174.5,51.5094411473886,-0.160989739118732,1.27,-0.01,0.953112193075078
175,51.5094468769497,-0.160989795092172,1.28,-0.01,0.466818256684573
175.5,51.5094524941656,-0.160989849463063,1.23,-0.01,0.699892987969445
176,51.5094582239793,-0.160989805763226,1.31,0.02,0.83971645145301
176.5,51.5094636392186,-0.160989786652926,1.13,-0.01,0.584234926950447
177,51.5094693675438,-0.160989645871313,1.37,0.04,0.439633191343436
177.5,51.5094750733485,-0.160989464530061,1.2,0.02,0.849518135068172
178,51.5094809987883,-0.160989749985646,1.4,-0.08,0.289172271756151
178.5,51.5094867406875,-0.160990302036692,1.19,-0.08,-0.43690913531102
179,51.5094923535381,-0.160990643793655,1.29,-0.03,-0.681224184076499
179.5,51.5094980377407,-0.160990744321974,1.25,-0,-0.640655881053961
180,51.5095037447681,-0.160990664828389,1.29,0.02,-0.700136451774664
180.5,51.5095092270576,-0.160990564878439,1.17,0.01,-0.639074332476916
181,51.509514911314,-0.160990440123509,1.33,0.02,-0.573629934035613
181.5,51.5095206176968,-0.160990267058421,1.23,0.02,-0.960736975366032
182,51.5095264819904,-0.160990200931174,1.36,-0,-0.821462757711259
182.5,51.5095320767596,-0.16099014798864,1.17,0.01,-0.606951879507901
183,51.5095378731539,-0.160990176031167,1.38,-0.02,-0.681414754185723
183.5,51.5095436863022,-0.16099057096955,1.24,-0.08,-1.10038779171797
184,51.5095493201719,-0.160990928430881,1.27,-0.03,-1.16197445981833
184.5,51.5095549373142,-0.160990959792174,1.24,0.01,-1.13305544992888
185,51.5095604867385,-0.160990830951564,1.23,0.02,-1.12004368896328
185.5,51.5095660789287,-0.160990916339155,1.25,-0.04,-0.906511491002578
186,51.5095716478804,-0.160991237136733,1.23,-0.05,-0.749939082374609
186.5,51.5095771278295,-0.160991516319298,1.21,-0.03,-1.07355810724228
187,51.5095828315218,-0.160991844711725,1.31,-0.06,-1.68194013587288
187.5,51.5095883115497,-0.160992104195102,1.16,-0.02,-0.917421954045208
188,51.5095939283399,-0.160992131929798,1.32,0.01,-0.266141110487067
188.5,51.5095991834959,-0.160991888629822,1.07,0.05,0.185633911976403
189,51.5096037405526,-0.160991568279017,0.98,0.04,0.686464651148959
189.5,51.5096072394868,-0.160991240197549,0.64,0.05,1.54435297683987
190,51.5096095035751,-0.160990990247856,0.41,0.02,2.38910873769303
190.5,51.5096110047438,-0.160990600290797,0.28,0.08,16.6526681873451
191,51.50961188023,-0.160989989153582,0.13,0.09,31.1739844582247
191.5,51.5096127730955,-0.160988906754425,0.24,0.19,45.4598695139293
192,51.5096134336663,-0.160987493393253,0.08,0.2,60.8876092470771
192.5,51.5096138383512,-0.160985708194872,0.1,0.28,75.8394196537796
193,51.5096139313291,-0.160984114717228,-0.03,0.18,90.7951553834398
193.5,51.5096137486184,-0.160982236744599,-0.05,0.32,105.86811811328
194,51.5096134152522,-0.16098079324122,-0.09,0.12,120.838009694962
194.5,51.5096127764393,-0.160979288361436,-0.18,0.27,135.057121273329
195,51.5096120449875,-0.160978299664614,-0.15,0.04,149.411092510649
195.5,51.5096110774976,-0.160977563466503,-0.26,0.14,163.781586884281
196,51.5096099847498,-0.160977213328784,-0.23,-0.02,178.21948445089
196.5,51.5096083469849,-0.160977073090835,-0.46,0.05,177.645367858058
197,51.5096057422179,-0.160977072514396,-0.67,-0.03,177.935977813454
197.5,51.509602239381,-0.160977284850319,-0.86,-0.03,178.899086480833
198,51.5095977026458,-0.160977504092221,-1.11,-0.03,179.049004228408
198.5,51.5095922670295,-0.160977450790972,-1.28,0.04,179.397941216682
199,51.5095867474142,-0.160977604916606,-1.19,-0.06,180.474318286484
199.5,51.5095808694557,-0.160977740415268,-1.39,0.01,180.247998723297
200,51.5095752768989,-0.160977628624231,-1.14,0.02,180.253526528498
200.5,51.5095697048735,-0.160977632555687,-1.31,-0.01,179.928380183705
201,51.5095640228147,-0.160977373898094,-1.23,0.07,179.731570742493
201.5,51.5095583645484,-0.160977332142705,-1.28,-0.04,179.736178617312
202,51.5095527488122,-0.160977538561705,-1.23,-0.02,179.403537848884
202.5,51.5095469742164,-0.160977577697796,-1.32,0.01,179.686219361166
203,51.5095413567213,-0.160977579637448,-1.2,-0,180.058469267806
203.5,51.5095358965597,-0.160977627373298,-1.23,-0.01,180.223498717406
204,51.509530236395,-0.160977838901514,-1.28,-0.04,180.359828730708
204.5,51.509524733686,-0.160977950462004,-1.18,0,180.186543911207
205,51.5095190717998,-0.160977949593618,-1.31,-0,179.980634516107
205.5,51.5095134551698,-0.160977919827646,-1.21,0.01,180.355667869352
206,51.5095077933196,-0.160977815869727,-1.3,0.02,180.963999231268
206.5,51.5095022665623,-0.16097792007675,-1.18,-0.04,181.041893488188
207,51.5094966331072,-0.16097832078433,-1.3,-0.07,181.32244856876
207.5,51.5094909092239,-0.160978547240628,-1.25,-0.01,181.389692292004
208,51.5094854059712,-0.160978639594731,-1.2,-0.02,181.789686664267
208.5,51.5094797455505,-0.160978867996382,-1.3,-0.04,180.970621272827
209,51.5094743109624,-0.160979135462708,-1.15,-0.03,180.645688703671
209.5,51.5094686329917,-0.160979585574589,-1.34,-0.08,181.011515100797
210,51.5094630651941,-0.160979935016086,-1.16,-0.02,180.909998532024
210.5,51.5094570897311,-0.160979957146702,-1.44,0.01,180.700043627538
211,51.5094515916905,-0.160980170156011,-1.07,-0.06,181.427493895631
211.5,51.5094458482947,-0.160980311532,-1.42,0.01,181.060972651067
212,51.5094400758095,-0.160980191954699,-1.19,0.02,181.321627735735
212.5,51.5094344816359,-0.160980149218564,-1.29,-0.01,181.234070687131
213,51.5094287082529,-0.160979942109074,-1.28,0.05,181.361146616354
213.5,51.5094231412474,-0.160980104423253,-1.21,-0.08,181.479000058025
214,51.5094173272884,-0.160980276067127,-1.35,0.01,180.814663194607
214.5,51.5094116208963,-0.160980242316644,-1.21,-0,180.669568740848
215,51.5094058926756,-0.160980451731355,-1.32,-0.05,181.011997137391
215.5,51.5094002787623,-0.160980407688134,-1.2,0.04,180.550683767813
216,51.5093945741953,-0.160980309325164,-1.32,-0.01,180.650412965324
216.5,51.5093889357745,-0.160980520146798,-1.21,-0.04,180.781058068783
217,51.5093834793988,-0.160980442245048,-1.22,0.05,180.225211676948
217.5,51.509377802035,-0.160979974787887,-1.3,0.08,179.284904794768
218,51.5093723244582,-0.160979627183617,-1.16,0.03,178.879588513416
218.5,51.5093664623936,-0.160979694614693,-1.4,-0.04,179.325033141135
219,51.5093608477243,-0.160979737234157,-1.14,0.02,179.042077709366
219.5,51.5093552543544,-0.160979716231578,-1.32,-0.01,179.685360095934
220,51.5093497053838,-0.160979897144499,-1.18,-0.04,179.953151427753
220.5,51.5093439990207,-0.160980072973585,-1.33,-0.01,180.017293474937
221,51.5093384719605,-0.160980135320605,-1.16,-0,180.27052403129
221.5,51.509332947233,-0.160980311538259,-1.28,-0.04,180.433973211529
222,51.5093270913442,-0.16098023164767,-1.32,0.05,179.29214692563
222.5,51.5093214119969,-0.160979961324034,-1.23,0.03,179.547602898084
223,51.5093157720073,-0.160979968916898,-1.28,-0.02,179.487762615402
223.5,51.5093101105622,-0.160979839095424,-1.25,0.05,179.586171562659
224,51.5093044716364,-0.160979688454034,-1.26,0,179.948406435178
224.5,51.5092989889755,-0.160979665222741,-1.19,0,180.114184315049
225,51.5092933060829,-0.160979496924582,-1.31,0.04,179.468781911577
225.5,51.5092877166393,-0.160979553923171,-1.19,-0.04,180.170339275089
226,51.5092820129488,-0.160979814106232,-1.32,-0.03,179.913844402151
226.5,51.5092763992326,-0.160980074949905,-1.2,-0.04,180.218276351206
227,51.5092706068952,-0.160980441886491,-1.35,-0.06,180.364147728359
227.5,51.5092652153464,-0.16098062286207,-1.09,-0,180.682898079095
228,51.5092605867488,-0.160980685114717,-0.99,-0.01,180.974324284277
228.5,51.5092571944425,-0.160980767996205,-0.59,-0.01,181.178540980849
229,51.5092549708766,-0.160980873676514,-0.43,-0.02,181.013538614057
229.5,51.5092535634724,-0.16098057809174,-0.23,0.08,165.574302482411
230,51.5092524997931,-0.16097983578919,-0.24,0.12,150.633003114571
230.5,51.5092515836946,-0.160978698780724,-0.18,0.19,135.74978898795
231,51.5092507978496,-0.160977095755262,-0.17,0.25,120.672430013209
231.5,51.5092502066935,-0.160975013722719,-0.1,0.32,106.122296302211
232,51.5092500417094,-0.160973184585174,0.01,0.21,90.7936003410371
232.5,51.5092501892336,-0.160971301821128,0.05,0.3,75.5073212437521
233,51.5092506993696,-0.160969332290728,0.16,0.26,60.2176734587573
233.5,51.5092514641253,-0.160967794051142,0.18,0.18,45.2243075089878
234,51.5092523172156,-0.160966693207845,0.2,0.13,30.3367302606944
234.5,51.5092534077077,-0.160965887078829,0.27,0.1,15.2322492062208
235,51.5092546834262,-0.160965633562069,0.29,-0.01,-0.204683937158607
235.5,51.5092561880577,-0.160965656027046,0.37,0,0.229938460596134
236,51.5092584554183,-0.160965510731077,0.6,0.03,0.850510113328165
236.5,51.5092616209738,-0.16096532665736,0.78,0.02,1.159068753099
237,51.509266069781,-0.160965270625222,1.14,-0,1.13019597607463
237.5,51.5092713715957,-0.160965396355986,1.21,-0.03,0.146957393642215
238,51.509276920361,-0.160965575784261,1.25,-0.02,0.174259980817167
238.5,51.5092826051377,-0.160965628566855,1.27,0,-0.314021262501432
239,51.5092882892818,-0.160965522849521,1.26,0.02,-0.374785101604265
239.5,51.5092940613304,-0.160965583378683,1.3,-0.03,-0.907196712543691
240,51.5092996724115,-0.160966005388074,1.21,-0.08,-1.4467890829828
240.5,51.5093053025835,-0.160966538625545,1.28,-0.07,-1.42684177938343
241,51.5093109822163,-0.160966823991751,1.25,-0.02,-0.548198438908191
241.5,51.5093166401437,-0.160966573870515,1.26,0.07,-0.0839294572741897
242,51.5093221630081,-0.160966252049781,1.2,0.03,0.278687589876757
242.5,51.5093277122446,-0.160966268344481,1.26,-0.02,0.194571834539433
243,51.5093332393561,-0.160966368608322,1.21,-0.01,0.0364568571951984
243.5,51.5093388791853,-0.16096633283183,1.29,0.01,-0.137139178407784
244,51.5093442943009,-0.160966264744385,1.15,0.01,-0.244201477259915
244.5,51.5093500907953,-0.160966349655584,1.39,-0.02,-0.260699599255882
245,51.5093556172444,-0.160966533802507,1.12,-0.03,-0.0634373003629293
245.5,51.5093611640874,-0.160966415955257,1.32,0.05,0.232229328526011
246,51.5093667311695,-0.160966411366326,1.19,-0.03,-0.0486333164112292
246.5,51.5093723003079,-0.160966712359283,1.28,-0.05,-0.0577556055237865
247,51.5093778720003,-0.160966772225523,1.21,0.02,-0.164466445408379
247.5,51.5093836443158,-0.160966913187102,1.33,-0.05,-0.64012669644576
248,51.5093892820095,-0.160967091409806,1.2,-0.01,-0.52086625605261
248.5,51.5093948299172,-0.160967264497706,1.26,-0.03,-1.00433200295119
249,51.5094003526937,-0.160967636281156,1.21,-0.06,-1.54624988463632
249.5,51.5094060347619,-0.160967880651399,1.3,-0.01,-1.67728082726856
250,51.5094115397028,-0.160967964207512,1.17,-0.01,-1.99354364406665
250.5,51.5094169302038,-0.160968179526361,1.22,-0.04,-1.92370939051718
251,51.5094226801131,-0.160968401263228,1.32,-0.02,-1.86317904452496
251.5,51.5094284088172,-0.160968563292591,1.24,-0.02,-1.37699617746141
252,51.5094341777405,-0.160968958264342,1.31,-0.08,-1.5936633642058
252.5,51.5094398319229,-0.160969448208619,1.22,-0.06,-1.42661856152542
253,51.509445513156,-0.16096971698091,1.3,-0.02,-0.92938672743572
253.5,51.5094513327762,-0.160969732160843,1.29,0.01,-0.687541407408302
254,51.5094570617094,-0.16096982356574,1.26,-0.03,-0.889805897464262
254.5,51.5094626543501,-0.160969788396294,1.23,0.03,-0.280214323683009
255,51.5094683304422,-0.160969311339714,1.28,0.09,0.558554685037195
255.5,51.5094738919237,-0.160968753512808,1.21,0.07,0.854610834646991
256,51.5094797523313,-0.16096845839764,1.37,0.02,0.625617426399269
256.5,51.5094855261054,-0.160968531677706,1.22,-0.03,0.0279058349130793
257,51.5094911640393,-0.160968776308289,1.28,-0.03,-0.389726479830889
257.5,51.5094968682428,-0.160968735548652,1.26,0.03,0.316988246183194
258,51.5095024377761,-0.160968442694571,1.22,0.05,0.595956631433435
258.5,51.5095081187971,-0.160968518786538,1.29,-0.05,0.178571660423114
259,51.5095136865579,-0.160968545750631,1.2,0.03,0.626590400215189
259.5,51.5095192947159,-0.160968048124638,1.28,0.1,1.73081135430028
260,51.5095249493219,-0.160967808240974,1.24,-0.01,1.47478103333036
260.5,51.5095306748628,-0.160967659084877,1.3,0.04,2.21436855020163
261,51.5095361080567,-0.160967318574038,1.15,0.05,2.31959010149596
261.5,51.5095418464236,-0.16096675896245,1.37,0.1,2.91781955357863
262,51.5095474043249,-0.160966161017431,1.15,0.07,3.17480756645757
262.5,51.5095531756185,-0.160966121376539,1.38,-0.04,2.45841653064837
263,51.5095587437396,-0.160966043843972,1.14,0.05,2.39026602600438
263.5,51.5095646038949,-0.160965953735991,1.42,-0.01,1.27479162316006
264,51.5095702377658,-0.160965814621325,1.14,0.04,0.684255077106141
264.5,51.5095759174614,-0.160965485797846,1.35,0.05,0.0915776080436646
265,51.5095814898199,-0.1609654153981,1.16,-0.02,-0.33091135133678
265.5,51.5095871733521,-0.160965258606908,1.34,0.05,0.511412784155092
266,51.5095926095428,-0.160965180011099,1.12,-0.02,0.496190555456964
266.5,51.5095979106831,-0.160965090302739,1.22,0.03,0.908999041236023
267,51.5096023346285,-0.160965092135752,0.82,-0.02,0.228585579406795
267.5,51.509605813613,-0.160965031066143,0.74,0.03,1.11766920598955
268,51.5096079214341,-0.160964814667159,0.28,0.03,1.97271035715165
268.5,51.5096095061262,-0.160964366570486,0.41,0.08,16.0696384785172
269,51.5096107243638,-0.160963562981937,0.18,0.13,30.5668991431722
269.5,51.5096116306309,-0.160962469697525,0.22,0.17,45.1922539856307
270,51.5096121923916,-0.160961272415382,0.06,0.17,60.1535447168891
270.5,51.5096125894371,-0.160959791092153,0.11,0.23,74.6271725404802
271,51.5096127566044,-0.160958208413307,-0.01,0.21,88.9460843728256
271.5,51.5096126106627,-0.160956300740772,-0.05,0.3,104.242641728733
272,51.5096121360991,-0.160954447504255,-0.15,0.23,119.138141892067
272.5,51.5096115338394,-0.160953116755359,-0.12,0.16,133.949249835738
273,51.5096106912081,-0.160952074971654,-0.23,0.14,149.295012961879
273.5,51.5096097191144,-0.160951438177252,-0.21,0.05,164.653304243606
274,51.5096087719916,-0.160951223495237,-0.21,0.01,180.011684694242
274.5,51.5096072890261,-0.160951240400632,-0.41,-0.01,180.387926197003
275,51.5096052218701,-0.160951255454956,-0.49,0.01,180.019353504096
275.5,51.5096017166348,-0.160951214889362,-0.98,0.01,180.139824346555
276,51.5095973825085,-0.160951345576561,-0.95,-0.03,180.652286010448
276.5,51.5095920826864,-0.160951516191363,-1.34,-0.02,180.204579893981
277,51.5095864659655,-0.160951378250012,-1.19,0.04,179.300377129416
277.5,51.5095805570883,-0.160951277645742,-1.4,-0.01,179.171555140396
278,51.5095748273792,-0.160951335862378,-1.19,-0.01,179.396219698923
278.5,51.5095689632399,-0.16095131137207,-1.39,0.01,179.854732582454
279,51.5095631726495,-0.160950928921453,-1.22,0.08,179.420521130509
279.5,51.5095574764226,-0.16095035731271,-1.3,0.08,179.098899397611
280,51.5095517515197,-0.160950087432172,-1.25,0.01,179.599016566256
280.5,51.5095460476924,-0.16095031768388,-1.28,-0.06,179.946475737092
281,51.5095404337892,-0.160950505442325,-1.23,-0,179.991009764544
281.5,51.5095347971714,-0.160950685527453,-1.27,-0.04,180.368963522402
282,51.5095292601072,-0.160951274201365,-1.2,-0.11,180.989812985038
282.5,51.509523675111,-0.16095170005961,-1.27,-0.02,181.265496458625
283,51.5095180803686,-0.160951796849394,-1.23,-0.01,181.016326041718
283.5,51.5095123741097,-0.160951724759576,-1.3,0.02,180.800531946838
284,51.5095070284098,-0.16095147982185,-1.11,0.04,179.940742362693
284.5,51.5095015074913,-0.160951066129949,-1.31,0.07,178.830435938305
285,51.509495762362,-0.16095062473879,-1.26,0.06,178.209358582738
285.5,51.5094899732074,-0.1609501587618,-1.31,0.07,177.609900526017
286,51.5094842086666,-0.160949611736788,-1.26,0.08,177.57817425433
286.5,51.5094783477975,-0.16094935188793,-1.33,0.01,178.016291777069
287,51.5094725576982,-0.160949005263713,-1.26,0.08,177.805484297556
287.5,51.5094668816136,-0.160948521567408,-1.27,0.06,178.051377653299
288,51.5094612883545,-0.160948349704177,-1.23,-0,178.52843760333
288.5,51.5094555942109,-0.160947897992543,-1.29,0.11,177.965672791206
289,51.5094499268411,-0.160947206932436,-1.24,0.09,177.628181336763
289.5,51.5094441483824,-0.160946487321482,-1.32,0.11,177.354020722782
290,51.5094386138817,-0.16094620712365,-1.17,-0.01,178.305157088846
290.5,51.509432976017,-0.160946310370976,-1.31,-0.02,178.553787687557
291,51.5094271118108,-0.160946187255401,-1.3,0.04,178.813547998216
291.5,51.5094213602827,-0.160946224083432,-1.27,-0.04,179.40558329114
292,51.5094156988991,-0.160946231994769,-1.26,0.02,179.323074341919
292.5,51.5094098580832,-0.160946027297343,-1.33,0.03,179.554590804254
293,51.5094040395362,-0.160945842097586,-1.27,0.02,179.415143766199
293.5,51.5093985796827,-0.160945814291757,-1.18,-0.01,179.527976677642
294,51.5093929174071,-0.160945891192841,-1.32,-0.01,179.937865706213
294.5,51.5093871218333,-0.160946086163563,-1.27,-0.04,180.193076689552
295,51.5093815984932,-0.160946432596447,-1.2,-0.06,180.556883948635
295.5,51.5093759503812,-0.16094704477996,-1.3,-0.11,181.295578669908
296,51.5093704115659,-0.160947430939868,-1.19,-0.02,181.177447299947
296.5,51.5093649838208,-0.160947790198427,-1.22,-0.07,181.380491167613
297,51.5093592425597,-0.160948099424279,-1.32,-0.02,180.409053512517
297.5,51.5093535815104,-0.160948131359284,-1.22,0.01,181.032306145212
298,51.5093479202582,-0.16094831304225,-1.29,-0.05,181.337186369939
298.5,51.5093423043148,-0.160948514843375,-1.22,-0.01,181.325998421409
299,51.5093367114422,-0.160948538238423,-1.26,0,180.785464733311
299.5,51.5093311406348,-0.160948311844492,-1.23,0.05,181.065283292297
300,51.5093255240717,-0.16094822877435,-1.27,-0.02,181.455135719429
300.5,51.5093198244489,-0.160948596938134,-1.27,-0.08,181.334715344843
301,51.5093139956906,-0.160949230199917,-1.32,-0.1,181.108305257499
301.5,51.5093084977371,-0.160949669974568,-1.16,-0.04,181.561033850794
302,51.50930281526,-0.160949764279178,-1.34,0,181.211167046983
302.5,51.5092971320794,-0.160949825799436,-1.21,-0.02,181.213064631861
303,51.5092915166997,-0.160950073668144,-1.28,-0.05,181.210765333572
303.5,51.5092859674228,-0.160950160509121,-1.21,0.01,181.226024726863
304,51.5092803278004,-0.16095021056216,-1.29,-0.02,181.418027653191
304.5,51.5092747331064,-0.160950263403607,-1.21,0,180.668871960068
305,51.5092693418677,-0.160950393562513,-1.19,-0.03,180.383445226498
305.5,51.5092639507558,-0.1609505867373,-1.21,-0.02,180.693148078063
306,51.5092595020414,-0.160950678021395,-0.84,-0.01,180.631052481429
306.5,51.5092564013664,-0.16095073095959,-0.59,-0.01,180.764215350955
307,51.5092542667607,-0.16095075610057,-0.4,0,180.961458691141
307.5,51.5092529659402,-0.160950476724169,-0.21,0.07,165.861662527667
308,51.509251902893,-0.160949740320317,-0.25,0.13,150.885807545169
308.5,51.5092509623739,-0.160948588920338,-0.18,0.18,136.01347197131
309,51.5092502449284,-0.160947175137837,-0.15,0.21,120.883279976106
309.5,51.5092497534048,-0.160945344138095,-0.08,0.29,105.336807182812
310,51.5092496290098,-0.160943573015587,0.01,0.22,89.6659315615998
310.5,51.509249798976,-0.160941659867256,0.06,0.3,75.1284559815382
311,51.5092502181591,-0.16093992570245,0.12,0.2,61.3248660917139
311.5,51.5092508577396,-0.16093851092889,0.16,0.19,46.1543739051287
312,51.5092517663758,-0.160937360867984,0.23,0.14,30.8837645067331
312.5,51.5092528594722,-0.160936662625053,0.25,0.07,15.8483567662538
313,51.509253902269,-0.160936468194137,0.22,-0,1.19936496039727
313.5,51.5092551826469,-0.160936497710176,0.33,-0,0.059303422930136
314,51.5092572711033,-0.160936614325267,0.56,-0.02,-1.05930558716615
314.5,51.5092606810484,-0.16093650832267,0.9,0.04,-0.471624522187564
315,51.5092653934931,-0.16093625260981,1.15,0.03,-0.593665554623835
315.5,51.5092705606472,-0.160936161801475,1.15,-0,-0.178277326133926
316,51.5092757938603,-0.160935912345789,1.18,0.06,0.447451925165055
316.5,51.5092814515252,-0.16093598534539,1.32,-0.06,0.310811858337884
317,51.5092869308381,-0.160936147726504,1.15,0,0.54296307658508
317.5,51.5092922307147,-0.160935899976887,1.2,0.06,1.19638017028674
318,51.509297850789,-0.160935195296651,1.29,0.13,2.20017820946098
318.5,51.5093035404386,-0.160934593273407,1.25,0.05,1.46501384180782
319,51.5093092467374,-0.160934413988548,1.28,0,0.814526962186271
319.5,51.5093149087954,-0.160934318675709,1.24,0.02,0.975629374996984
320,51.5093206386227,-0.16093432182893,1.3,-0.01,0.660585105402156
320.5,51.5093261879414,-0.160934238931244,1.19,0.03,0.313165467927125
321,51.5093317771953,-0.160934401790182,1.28,-0.06,-0.21353044600335
321.5,51.5093373882885,-0.160934529979861,1.23,0.01,0.361886133550728
322,51.5093430939437,-0.160934314422788,1.3,0.04,0.992926654462978
322.5,51.5093486878762,-0.160934350999599,1.21,-0.04,0.543737561933454
323,51.5093542146931,-0.160934427920315,1.25,0.01,-0.0997473520299167
323.5,51.5093598096281,-0.160934366089249,1.24,0.01,-0.259301203883851
324,51.5093654466134,-0.160934539462455,1.26,-0.05,-0.584143566814151
324.5,51.50937094729,-0.16093489307483,1.2,-0.05,-0.849195261527327
325,51.5093764953712,-0.160935121746888,1.26,-0.02,-0.880231546957606
325.5,51.5093820897881,-0.160935137990647,1.23,0.01,0.154768401640873
326,51.509387705544,-0.160934929249728,1.26,0.04,0.898651062066525
326.5,51.5093935006675,-0.160934681727236,1.31,0.03,0.633352549247965
327,51.509399116817,-0.160934698859095,1.21,-0.02,0.391777898612601
327.5,51.5094044851412,-0.160934670288461,1.19,0.02,0.13584634358664
328,51.5094099888769,-0.160934488082742,1.25,0.03,-0.108682814849129
328.5,51.5094156058078,-0.160934359787811,1.25,0.01,-0.410656572439654
329,51.5094212222601,-0.160934183414417,1.25,0.03,-0.411429589854362
329.5,51.5094270188939,-0.160934096277829,1.32,-0,0.356657123463563
330,51.509432726039,-0.1609341701788,1.24,-0.02,0.900266265482583
330.5,51.509438477958,-0.160934182387896,1.31,0.01,1.00561474527301
331,51.5094441851835,-0.160934114335906,1.24,0.01,0.898510097386842
331.5,51.5094497112562,-0.160933948063045,1.22,0.03,0.603354554702698
332,51.509455282258,-0.160933814534611,1.25,0.01,0.171136497656614
332.5,51.5094607648397,-0.160933790388394,1.2,-0,-0.0109911719467801
333,51.5094664490423,-0.160933843884091,1.31,-0.01,-0.135572509642827
333.5,51.5094721554357,-0.160933863445815,1.24,0,-0.0879211566591745
334,51.5094779739449,-0.160933898615494,1.33,-0.01,-0.603030404035693
334.5,51.5094836566107,-0.160934154413306,1.22,-0.05,-0.598838818553749
335,51.5094892494453,-0.160934405288537,1.26,-0.02,-0.56991138466038
335.5,51.5094948434114,-0.160934448139327,1.23,0.01,-0.455444479481105
336,51.5095005280621,-0.160934381926104,1.29,0.01,-0.771036890452736
336.5,51.5095061893253,-0.160934514651378,1.24,-0.04,-0.465689374789604
337,51.5095116245017,-0.160934783791941,1.19,-0.04,-0.172139193165493
337.5,51.5095174202483,-0.160934953899023,1.36,-0.02,-0.551406810658575
338,51.5095229686065,-0.160935130091898,1.15,-0.03,-0.835077219762622
338.5,51.5095284932455,-0.160935421965683,1.29,-0.05,-1.0550717195641
339,51.509534280158,-0.160935196644293,1.29,0.09,-0.395511124605174
339.5,51.5095399113083,-0.16093481071038,1.23,0.03,-0.26603329958942
340,51.509545566196,-0.16093511212488,1.28,-0.09,-0.675384405725213
340.5,51.5095513108263,-0.160935481974753,1.28,-0.02,-0.380827451870715
341,51.5095569507532,-0.160935524259471,1.24,0.01,-0.0606135324018614
341.5,51.5095624528568,-0.160935741693409,1.21,-0.06,-0.954709812421716
342,51.5095678414823,-0.16093607467694,1.19,-0.04,-1.45033423442055
342.5,51.5095735243062,-0.16093609797338,1.32,0.02,-1.22320880057384
343,51.5095791838284,-0.160936160605856,1.22,-0.03,-1.61364299158067
343.5,51.5095848442087,-0.160936328527421,1.29,-0.02,-1.26780945251348
344,51.5095905662709,-0.160936660918488,1.26,-0.07,-1.98617351380476
344.5,51.5095959055398,-0.160937112291227,1.14,-0.06,-1.47765008960886
345,51.509600417235,-0.160937432918913,0.91,-0.03,-1.67327686808002
345.5,51.5096037850047,-0.160937582793037,0.64,-0.01,-1.63062796769125
346,51.5096060761587,-0.160937648432731,0.42,-0.01,-2.02550692937126
346.5,51.5096075951538,-0.160937347575627,0.28,0.08,13.5162485942974
347,51.5096085132148,-0.160936701866834,0.15,0.1,28.8691721308068
347.5,51.5096094042758,-0.160935674956052,0.23,0.17,43.1628858288658
348,51.5096101362364,-0.160934377660119,0.12,0.19,57.8335390470938
348.5,51.5096106229659,-0.160932667668129,0.1,0.27,73.682472964806
349,51.5096107641613,-0.160930719012789,-0.02,0.27,89.5414638842166
349.5,51.5096106076164,-0.160928985631225,-0.05,0.22,104.526363162394
350,51.5096102302011,-0.16092745450972,-0.11,0.21,119.322756958008
350.5,51.5096096019748,-0.160926022415267,-0.16,0.19,134.278650431337
351,51.5096088828621,-0.160925137092446,-0.16,0.07,149.926860148477
351.5,51.5096077161794,-0.160924413931205,-0.33,0.12,164.678591917682
352,51.5096066779654,-0.160924210291918,-0.16,-0.04,179.942747266744
352.5,51.5096051737044,-0.160924296775181,-0.46,0,180.499079179689
353,51.5096027489866,-0.160924441555448,-0.6,-0.04,180.482599493082
353.5,51.5095992219926,-0.160924562999768,-0.92,-0,180.472495006728
354,51.5095949586162,-0.160924885356858,-0.97,-0.07,181.088684398742
354.5,51.5095895279658,-0.160925131164031,-1.37,-0.01,180.62077199983
355,51.5095840231597,-0.160925103533407,-1.12,0.01,180.315708503028
355.5,51.5095783855805,-0.160925324510337,-1.35,-0.06,180.756628909255
356,51.5095727036233,-0.160925606387362,-1.21,-0.02,180.980830291754
356.5,51.5095671546601,-0.160925612854563,-1.26,0.02,180.458199457147
357,51.5095615156417,-0.160925443744779,-1.25,0.03,180.108530742581
357.5,51.509555945642,-0.160925540751378,-1.23,-0.04,180.402661041803
358,51.5095502407855,-0.160925649616006,-1.3,0,180.139090833611
358.5,51.5095444888335,-0.160925606973735,-1.27,0.01,180.105478395462
359,51.5095390077901,-0.160925785797326,-1.19,-0.05,180.485720635211
359.5,51.5095332594314,-0.160926128565721,-1.34,-0.05,181.208690219961
360,51.5095275094503,-0.160926346487673,-1.23,-0.02,181.366821780707
360.5,51.5095217898286,-0.160926766818303,-1.3,-0.09,181.846303387052
361,51.5095163169022,-0.160927160492491,-1.16,-0.03,181.55187422988
361.5,51.5095106095608,-0.16092720823467,-1.35,0.01,181.741578443462
362,51.509505083107,-0.160927359596352,-1.15,-0.04,181.78610327773
362.5,51.5094994005728,-0.160927625113986,-1.35,-0.03,181.305181722025
363,51.5094937170025,-0.160927709103847,-1.21,0,180.801366241616
363.5,51.5094883256676,-0.160927799013197,-1.19,-0.02,181.390939023564
364,51.5094823508142,-0.160927845431829,-1.42,0.01,181.568325008484
364.5,51.5094768241244,-0.160927814328591,-1.09,0,181.31592463153
365,51.5094712073417,-0.160927961414944,-1.36,-0.04,180.9836943867
365.5,51.5094653436215,-0.160928134028086,-1.27,-0.01,181.246125351698
366,51.5094596594464,-0.160928282426515,-1.26,-0.02,181.13924465004
366.5,51.5094539586385,-0.160928040051969,-1.27,0.07,180.043196580989
367,51.5094483032535,-0.160927629904369,-1.25,0.04,179.534828028289
367.5,51.5094428437909,-0.160927540538055,-1.19,-0.01,179.47607621634
368,51.5094372282811,-0.160927385087877,-1.29,0.04,179.069781445393
368.5,51.5094317981341,-0.160926938613094,-1.15,0.07,178.848760707601
369,51.5094262089268,-0.160926634070769,-1.31,0.02,179.408637898481
369.5,51.5094207054019,-0.16092677204926,-1.17,-0.05,179.967190134228
370,51.5094150693436,-0.16092710938226,-1.32,-0.05,180.281146746256
370.5,51.5094092775249,-0.16092751211127,-1.27,-0.06,181.091716969807
371,51.5094036647638,-0.160927879575985,-1.23,-0.04,181.489083581047
371.5,51.5093980964338,-0.160928227257065,-1.24,-0.05,181.739012161717
372,51.5093925947296,-0.160928532413471,-1.21,-0.04,181.674659045392
372.5,51.5093869334286,-0.160928598010234,-1.29,0.01,181.08924457702
373,51.5093812936227,-0.160928553132869,-1.23,0,180.651971874384
373.5,51.5093755192307,-0.160928481891603,-1.32,0.01,179.972552286406
374,51.5093700597549,-0.160928477475636,-1.14,-0.01,179.656249252054
374.5,51.5093645338172,-0.160928411088455,-1.29,0.02,179.547559776223
375,51.5093588963483,-0.160928140122048,-1.23,0.05,179.428984292287
375.5,51.5093533057903,-0.16092779190988,-1.26,0.05,179.218577561756
376,51.5093476468212,-0.160927529788333,-1.26,0.03,179.286042249211
376.5,51.5093419258079,-0.160927848397314,-1.28,-0.09,180.328611543327
377,51.5093364969411,-0.160928098092109,-1.16,0.01,180.537660468227
377.5,51.5093307915589,-0.160928146752074,-1.35,-0.02,180.142833407952
378,51.5093251547612,-0.160928451072927,-1.19,-0.06,180.287028547583
378.5,51.509319382082,-0.160928550692105,-1.35,0.02,180.37007969249
379,51.5093137201152,-0.16092842890354,-1.2,0.02,180.785918412183
379.5,51.5093081269106,-0.160928526412003,-1.28,-0.03,180.912024456895
380,51.5093023317539,-0.160928766541635,-1.3,-0.03,181.276501139304
380.5,51.5092967879827,-0.160929134706021,-1.19,-0.06,182.470681083065
381,51.5092911553744,-0.160929570899293,-1.3,-0.06,182.797510840876
381.5,51.5092856109739,-0.160929459612924,-1.19,0.07,181.851350622545
382,51.5092802226626,-0.160929277899542,-1.21,-0,181.438999587424
382.5,51.5092744256939,-0.160929368623596,-1.35,-0.02,181.318674077658
383,51.5092689210604,-0.160929307242528,-1.14,0.03,180.932837029853
383.5,51.5092636647984,-0.160929095221924,-1.19,0.03,179.808100770075
384,51.5092589247716,-0.160928998636599,-0.96,0,179.218372148
384.5,51.509255644412,-0.1609289666998,-0.57,0.01,179.076018417861
385,51.5092532404819,-0.160928898513409,-0.51,0.01,178.853382154581
385.5,51.5092520001861,-0.160928521626313,-0.11,0.08,162.226378073871
386,51.5092508338508,-0.160927546282565,-0.36,0.17,146.271727829093
386.5,51.5092498792356,-0.160926298334867,-0.11,0.17,132.427942781398
387,51.5092491661551,-0.160924798775049,-0.19,0.23,118.216150945265
387.5,51.5092487322154,-0.16092307291965,-0.03,0.24,103.620984390516
388,51.509248598068,-0.160921340868233,-0.03,0.24,88.4480605914584
388.5,51.5092487561602,-0.160919607817923,0.08,0.24,73.9125325973134
389,51.5092491880226,-0.160917962583706,0.11,0.22,59.3956703726854
389.5,51.5092498505416,-0.160916520741581,0.18,0.19,44.2948891399116
390,51.5092506074347,-0.1609155274466,0.16,0.1,29.3073345578024
390.5,51.5092516882589,-0.160914762190906,0.29,0.11,14.8220795312905
391,51.5092527864003,-0.160914575055608,0.21,-0.03,-0.917105453474423
391.5,51.5092540195828,-0.16091470189183,0.32,-0.01,-0.900908094330261
392,51.5092563985769,-0.160914888308766,0.68,-0.04,-1.2377100651898
392.5,51.5092596771658,-0.16091504733402,0.77,-0.01,-1.39673673824269
393,51.5092639460726,-0.160915033526494,1.08,0.01,-1.1399039123995
393.5,51.5092693151232,-0.160915080876805,1.28,-0.02,-1.4190952763589
394,51.5092749531913,-0.160915317882454,1.24,-0.04,-1.36236211378726
394.5,51.5092803675508,-0.160915459198903,1.18,-0,-1.29852196512299
395,51.5092861645479,-0.160915550618934,1.37,-0.02,-1.41693634747823
395.5,51.509292043641,-0.160915954451492,1.27,-0.08,-1.87365011002209
396,51.50929768354,-0.160916752492463,1.25,-0.13,-2.60109113654035
396.5,51.5093032403614,-0.160917330884548,1.23,-0.04,-2.51298911108747
397,51.5093090349231,-0.160917614152669,1.33,-0.04,-2.71154959963819
397.5,51.5093148529257,-0.160917746480325,1.27,-0.01,-1.91768847164733
398,51.5093204244172,-0.160917842882756,1.22,-0.02,-1.59504528753902
398.5,51.509326017297,-0.160918093628968,1.26,-0.05,-1.14968362884594
399,51.5093317179801,-0.160918509440606,1.27,-0.07,-1.43628706062232
399.5,51.5093375545016,-0.160918802780101,1.32,-0.02,-0.773297699623578
400,51.509343284379,-0.160918816697493,1.25,0.01,-0.487507245606507
400.5,51.5093489018809,-0.160918810831099,1.25,-0.01,-0.742913965167994
401,51.5093546055964,-0.16091855943417,1.28,0.06,-0.439671315099248
401.5,51.5093602145175,-0.160918599343941,1.23,-0.05,-1.18085919377722
402,51.5093656451556,-0.160918679872364,1.2,0.02,-1.11402522456196
402.5,51.5093714622504,-0.160918544237182,1.36,0.02,-1.60423026290187
403,51.5093770107406,-0.160918740915265,1.14,-0.06,-2.03358790648831
403.5,51.509382716184,-0.160918802515105,1.36,0.03,-1.34169457490695
404,51.509388370128,-0.160919059359955,1.19,-0.08,-1.63209738035842
404.5,51.5093942032152,-0.160919525329831,1.37,-0.05,-1.47390830881765
405,51.509399819853,-0.160919601237756,1.16,0.02,-0.712121555923706
405.5,51.5094055046431,-0.160919533113691,1.34,0,-0.269604608275724
406,51.5094110961057,-0.160919274099365,1.18,0.06,0.771735768914977
406.5,51.5094169344318,-0.160919098284674,1.38,-0,0.661491416285618
407,51.5094227478855,-0.160919458578174,1.23,-0.08,0.215519088759068
407.5,51.5094281567533,-0.160919635021404,1.18,0.02,0.450446909663694
408,51.5094338404995,-0.16091960092942,1.32,-0,0.242636742007938
408.5,51.5094391650442,-0.160919586942517,1.09,0.01,0.346958464398339
409,51.5094448263853,-0.16091958948869,1.38,-0.01,0.384760144966722
409.5,51.5094504400793,-0.16091989792388,1.16,-0.07,-0.267897772449848
410,51.5094559866734,-0.160920178614837,1.29,-0.02,-0.174109199850252
410.5,51.5094615798354,-0.160920094120117,1.21,0.03,0.134128398591744
411,51.5094671203461,-0.16091960578593,1.25,0.09,1.41256557113581
411.5,51.5094726600784,-0.160919451008654,1.22,-0.03,0.579090522979554
412,51.5094782714484,-0.160919870052664,1.27,-0.08,-0.112727201894388
412.5,51.5094840198966,-0.160920133802024,1.29,-0.01,-0.224900561426276
413,51.5094897223348,-0.160919889367598,1.26,0.06,-0.114515669782673
413.5,51.5094952900966,-0.160919640535603,1.23,0.01,-0.36805022679383
414,51.509501199711,-0.160919636851773,1.38,-0.01,-0.675154674364284
414.5,51.5095067261783,-0.160919748600983,1.13,-0.02,-0.849271390531231
415,51.5095123636446,-0.160919740342594,1.34,0.02,-0.116301659360512
415.5,51.5095180914266,-0.16091949422004,1.23,0.05,-0.110861933031857
416,51.5095238654973,-0.160919404603497,1.33,-0.01,-0.255737583219005
416.5,51.5095296387337,-0.160919572885193,1.26,-0.03,-0.455160400035274
417,51.5095351648177,-0.160919689124531,1.21,-0.01,-0.493443804098518
417.5,51.5095408022828,-0.160919847786867,1.28,-0.03,-1.1074792406324
418,51.5095466069547,-0.160920475716654,1.3,-0.12,-1.6542369757825
418.5,51.5095521431479,-0.16092072039965,1.19,0.03,-0.929799957122508
419,51.5095577494671,-0.160920915029698,1.29,-0.07,-1.13771443080223
419.5,51.5095634471976,-0.160921353839884,1.25,-0.06,-1.06643021443952
420,51.5095690410923,-0.16092130994475,1.24,0.05,-0.300446256584715
420.5,51.5095747475877,-0.16092117029765,1.29,-0,-0.15965520381912
421,51.5095804322416,-0.160921204275912,1.25,-0.01,-0.116079158140399
421.5,51.5095859281218,-0.160921620305464,1.21,-0.09,-0.929712958987725
422,51.5095913343711,-0.160922016096074,1.2,-0.03,-1.32388587559491
422.5,51.5095968392278,-0.160922112572153,1.24,-0,-1.16160893866353
423,51.5096012871314,-0.16092226312596,0.81,-0.03,-1.1898526449971
423.5,51.5096048354529,-0.160922247956917,0.77,0.03,-1.09094840606491
424,51.5096070789404,-0.160922310691444,0.31,-0.03,-1.93836161650961
424.5,51.5096082674566,-0.160922430959414,0.23,-0,-2.0289147208039
425,51.5096086490936,-0.16092244007946,-0.02,0,-1.16942741087845
