0,51.5092544230678,-0.161045357763243,-0.0160038672459153,0.0472023818211922
0.5,51.5092455572465,-0.161041953221581,0.146992828901677,-0.0187857054517835
1,51.5092473397614,-0.161046722655256,0.235161491482046,0.0130527428066744
1.5,51.5092529021815,-0.161043820359621,0.505822924020934,-0.0161513541380026
2,51.5092550651624,-0.161043840328863,0.760745320192767,0.00739668316249396
2.5,51.5092591771485,-0.161046179084654,0.982938898182833,0.0111449809069695
3,51.5092621750007,-0.161041287445591,1.24044196771526,0.0138173901794152
3.5,51.5092671197998,-0.161038806381645,1.23616458692337,-0.0198396108116738
4,51.509275257884,-0.16103833012364,1.24270294829167,-0.00795001476210837
4.5,51.5092787482008,-0.161035836013537,1.25150994965336,-0.00234015128150717
5,51.5092848594075,-0.161038180020772,1.23737699631958,0.00397013257067255
5.5,51.5092919797261,-0.161038184311412,1.26421566837839,-0.0266064884603256
6,51.5092952070256,-0.161037782182305,1.22931604469782,0.0364393643458759
6.5,51.5093008635859,-0.161035672969032,1.23691292744927,0.0228757005605291
7,51.5093078669067,-0.161035229593702,1.27065149314587,-0.0127666342139791
7.5,51.5093132960493,-0.161033517597402,1.25156674318255,0.0143323452368733
8,51.5093188863147,-0.161032031118315,1.23582383983442,0.00308304373033738
8.5,51.5093250544027,-0.161031607277399,1.25659040958062,-0.00271173194540181
9,51.5093302025253,-0.161032191817799,1.26217559612948,0.017352044910707
9.5,51.5093354476703,-0.161032287538621,1.26675646702384,0.0348064827108125
10,51.5093414820477,-0.161034039838241,1.23368097070549,0.0377781857989434
10.5,51.5093473966243,-0.16103490873106,1.24663545429285,0.0158402407376848
11,51.509352611919,-0.161035496852146,1.27338735123001,6.28180029172523e-05
11.5,51.5093581547375,-0.161035267859771,1.2524166556228,0.0345000259813858
12,51.5093635922799,-0.161035331801704,1.2605739584854,-0.00929435905406721
12.5,51.5093697653217,-0.161034954303615,1.23886979205372,-0.0174783654116072
13,51.509375278502,-0.161035961668774,1.23942562221255,0.00212767213084675
13.5,51.5093810448482,-0.161037578045241,1.24280464853258,0.0111490473473353
14,51.5093865286243,-0.161037567218081,1.26910883026881,0.0131969395595037
14.5,51.5093917414416,-0.16103675241195,1.24311952907377,-0.0446434719046697
15,51.509397184122,-0.161036856727638,1.2535913648,-0.0327813023787172
15.5,51.5094024871911,-0.161036145353168,1.22395942248328,-0.010725985596112
16,51.5094081122424,-0.16103744018053,1.21639755955971,-0.00448707463050029
16.5,51.5094136923463,-0.161036090130428,1.23922987177204,-0.0112589147489452
17,51.5094185123755,-0.161036314209868,1.20943163251938,-0.000273163627271107
17.5,51.5094243181257,-0.161035952265062,1.23542504805585,-0.00312962844977925
18,51.5094301955192,-0.161034383858298,1.2496361112729,0.00563849633892683
18.5,51.5094359238808,-0.161033601612361,1.22979286917911,-0.0113081645213272
19,51.509441220867,-0.161032384729034,1.2436002281594,0.00308405844801107
19.5,51.5094467650149,-0.161032574113619,1.25102859651184,0.0146989668462999
20,51.5094523651093,-0.161033641032205,1.25785824674213,0.0118135176055296
20.5,51.5094571558127,-0.161032574755522,1.24170984136103,0.00849518581230817
21,51.5094622120756,-0.161032017802312,1.22673256642658,0.0185630427441377
21.5,51.5094676978023,-0.161030512387775,1.23542341828537,0.00826544661429356
22,51.5094737290332,-0.161032501493384,1.25912270707989,-0.0273564418622676
22.5,51.5094797499692,-0.161034032469643,1.23995649259291,-0.0166220184461392
23,51.5094861649995,-0.161035544551665,1.25623286426624,-0.0217264372326868
23.5,51.5094916338545,-0.161035593592398,1.20562941782951,0.0262406955234181
24,51.5094966836017,-0.16103476614024,1.2378508457089,0.0085742280755024
24.5,51.509502057841,-0.161034707246718,1.23230469016927,-0.00876039997658391
25,51.5095074068152,-0.161035452628681,1.25086072905177,-0.00800365499519287
25.5,51.5095135898205,-0.161034979571736,1.25450640432119,-0.0426473830901314
26,51.5095187943261,-0.161035513734149,1.27197772181028,0.00525268967672938
26.5,51.5095237455265,-0.161035552760597,1.25084466283606,-0.024084151481925
27,51.5095290429714,-0.161035975757615,1.20911441734362,-0.00885595382006235
27.5,51.5095352289584,-0.161035406889413,1.23933743754109,-0.0568988269167936
28,51.5095410391265,-0.161036268333212,1.25222571360301,-0.0303991070284888
28.5,51.5095469040623,-0.161037479082754,1.2404315681181,-0.0366017294450664
29,51.5095521583523,-0.1610374852054,1.24703926119768,-0.0457606182937054
29.5,51.5095577743215,-0.161038038751955,1.24131817271207,-0.0271886287151878
30,51.5095640556995,-0.161037969172091,1.25123613504415,-0.00552618378999503
30.5,51.5095697119962,-0.16103744819925,1.2515006118565,-0.015599131697862
31,51.50957460565,-0.161036722297576,1.25650383356099,-0.0135636561723822
31.5,51.50957972444,-0.161036913568537,1.23204923864036,-0.000806676654191281
32,51.5095851634279,-0.161036304320452,1.23474139480875,-0.0201954292631749
32.5,51.5095896701166,-0.161034714870715,0.992751446447409,-0.0196814568856067
33,51.5095934502883,-0.161036668284329,0.749242215557659,-0.0107579575908961
33.5,51.5095961422091,-0.161036576664687,0.508984620357974,-0.0246307325070959
34,51.5095983389635,-0.161037024597817,0.234555629078949,0.00196104762167923
34.5,51.5095994760375,-0.161036340829561,0.227237146129931,0.068586508101199
35,51.5096003806027,-0.161035203223401,0.253081136414247,0.132207982547689
35.5,51.509601443679,-0.161034522003665,0.173078528641519,0.176999934881502
36,51.5096017811362,-0.161032952699338,0.104898919872728,0.215032819086793
36.5,51.5096018718416,-0.161030523698591,0.0604511718707758,0.226955148183985
37,51.5096020138229,-0.161028450253316,0.0125482058159729,0.225924397201401
37.5,51.5096017828882,-0.161027119860711,-0.0553656676876115,0.242546775654993
38,51.5096022282461,-0.16102581779958,-0.132561382291047,0.232479885841188
38.5,51.5096018277535,-0.161024799765017,-0.156048926161775,0.166548674095138
39,51.5096004586793,-0.161023958626587,-0.232022064683659,0.129800243992733
39.5,51.5095994855699,-0.161022672764506,-0.218487869541522,0.0717277231240748
40,51.5095975397648,-0.161022665138996,-0.257244936878681,0.00350472656047454
40.5,51.5095957037529,-0.161022764027508,-0.523376628734887,0.036438296068888
41,51.5095931050331,-0.161021767551253,-0.760251072424948,-0.0225856992836115
41.5,51.5095891231494,-0.161021342648157,-1.02380308135809,0.01973813571979
42,51.5095837728618,-0.161020976475524,-1.25301729028575,-0.00255206937963874
42.5,51.5095782007739,-0.161020737987488,-1.24887059507404,0.0160376498783854
43,51.5095725326946,-0.161021220207751,-1.26141753736597,0.0207839489484948
43.5,51.5095673067071,-0.161020842720647,-1.22069638556608,-0.00364904528857407
44,51.5095611728616,-0.161020437206166,-1.24011515695484,-0.0252706243960582
44.5,51.5095563573748,-0.16101982739944,-1.23525084032666,0.00333080400922993
45,51.5095503461862,-0.161018482708909,-1.2605845403296,0.0265233173834063
45.5,51.5095448875991,-0.161017485418834,-1.25637679129366,-0.0223360142591751
46,51.5095393624478,-0.161018331479826,-1.26245150880714,0.00835524155800738
46.5,51.5095339269637,-0.161018855632701,-1.20918152534805,-0.0433309500798746
47,51.5095284203404,-0.161019592893249,-1.26883033332155,-0.0288532627310181
47.5,51.5095227827236,-0.161019862759314,-1.23749313753227,-0.03113023425911
48,51.5095170998211,-0.161020692850644,-1.25212022456971,-0.0290761407883603
48.5,51.5095110017517,-0.161019824822973,-1.27312455609618,0.00452866844342972
49,51.5095057119229,-0.161020548658534,-1.23625799873146,-0.0311059053513994
49.5,51.5095008039224,-0.161021106240871,-1.26417917794954,0.0406243292865813
50,51.5094956241838,-0.161021371736153,-1.27573260466831,-0.00247330341014209
50.5,51.5094902518999,-0.161022101402174,-1.245256767978,0.0161327643274688
51,51.5094843122873,-0.161023021862928,-1.28498370973117,0.00311508479374419
51.5,51.5094786363322,-0.16102175350893,-1.25001168242822,0.0090424861633922
52,51.5094735551917,-0.161021360585185,-1.23859182043824,0.0195566082354933
52.5,51.5094680731946,-0.161020350189781,-1.24063979072888,0.00626557308908925
53,51.5094625254338,-0.16102015548757,-1.23731710864939,-0.0113000945037188
53.5,51.5094561379721,-0.161020903957728,-1.27142615454111,0.00821665933316869
54,51.5094509413811,-0.161021148830622,-1.2604974239111,-0.0093806600588461
54.5,51.5094448189359,-0.161019934907271,-1.26240295913094,-0.00827146459312124
55,51.5094389706661,-0.161020088443389,-1.27406601008334,0.00166359812723565
55.5,51.5094336126651,-0.161019695118774,-1.23994961755494,0.0276436684741721
56,51.5094276904143,-0.161019994734241,-1.26689288264486,-0.01079258470058
56.5,51.5094225231394,-0.161019784477002,-1.24081137257875,0.0180357898636438
57,51.5094172783189,-0.161019756081574,-1.24325107676266,0.00486121490205731
57.5,51.5094112924678,-0.161020414136995,-1.25362727794958,0.0367702135531419
58,51.5094062257594,-0.161019416811563,-1.26498482096555,0.0697383108809704
58.5,51.5094009185969,-0.161019847470718,-1.2586919998,0.0257628084593158
59,51.5093949191137,-0.161020114417264,-1.27589086812875,0.0100180120834462
59.5,51.509389464953,-0.161019471567655,-1.2528807552523,0.0199156868372671
60,51.5093830994591,-0.161019032248076,-1.26555821695572,0.0197121925683294
60.5,51.5093776815453,-0.161018642442468,-1.25462663082093,-0.008978160468456
61,51.5093721002412,-0.161019171103922,-1.23871686541513,-0.0302554812206536
61.5,51.5093665905897,-0.161020818744496,-1.23822261209252,-0.0374394541600391
62,51.509360495192,-0.161021687009342,-1.25802217027835,-0.0254713933944908
62.5,51.5093547718228,-0.161020914302317,-1.26335091041919,-0.00511525469121872
63,51.5093492819898,-0.161021596994627,-1.24680241253294,-0.0379187347553276
63.5,51.5093437285025,-0.16102206962158,-1.28282073454912,-0.00181866152627382
64,51.5093373985172,-0.161022683234477,-1.24403460375344,-0.03994378315921
64.5,51.5093317523324,-0.161023150548773,-1.23684083649001,-0.0170292241101582
65,51.5093260117159,-0.161023333225349,-1.26957438183154,0.00394450706704418
65.5,51.5093209134984,-0.161024167202788,-1.23932927005636,0.0469706401571746
66,51.5093151964885,-0.161024157869252,-1.26243287091061,0.0520548877983412
66.5,51.5093088666349,-0.161023361356669,-1.27371919485092,0.0118917302749983
67,51.5093036486101,-0.161022327285173,-1.22257811722319,0.00263084929434026
67.5,51.5092985708344,-0.161021945265901,-1.23246391538349,-0.00226630145759262
68,51.509292229699,-0.161022262579849,-1.22378089072775,0.00490423872246418
68.5,51.5092861741318,-0.161022795204978,-1.22930360148488,-0.0018249426428346
69,51.5092816143465,-0.161022909664988,-1.25569676105966,-0.00525457177005724
69.5,51.5092764100567,-0.161022809330839,-1.2526179292271,7.51886130676996e-05
70,51.5092709373797,-0.161022236786471,-1.26375420101345,0.00880730503441316
70.5,51.5092658097693,-0.161022072267977,-1.25444401494756,0.00587398211921532
71,51.5092600018141,-0.161021646151229,-1.2601504246266,0.00832477043721475
71.5,51.5092547576513,-0.161021572309885,-0.978515937908731,-0.0212117209276475
72,51.5092506687154,-0.161021141820232,-0.752731607225742,0.0148221664306117
72.5,51.5092485669941,-0.161020846637293,-0.493722874087109,0.010162067117755
73,51.5092466176568,-0.161020797604445,-0.263253023747948,0.0079765673835701
73.5,51.5092454050192,-0.161019782462796,-0.21224614489161,0.0826149668644513
74,51.509244121107,-0.161018257479321,-0.217841101680198,0.118176572097642
74.5,51.5092428539884,-0.16101711006525,-0.156902884994072,0.155050391790885
75,51.5092424394804,-0.161015344578676,-0.141444755700823,0.253106060606359
75.5,51.509242073033,-0.161012723959186,-0.0436317335802049,0.242087508761958
76,51.5092425667175,-0.161011162863525,0.0182223375085963,0.262227622080116
76.5,51.5092424543727,-0.161010491321409,0.0641566061612345,0.232225535541325
77,51.509243409929,-0.161009444887626,0.131751873984031,0.231459990722723
77.5,51.509244304612,-0.161007815468819,0.161407881696325,0.183549309900376
78,51.5092444217345,-0.161006393794894,0.21417960435991,0.155475262281932
78.5,51.5092456622235,-0.161004588401167,0.219711855742524,0.0656055063910318
79,51.5092466399978,-0.161003861865366,0.229734314140051,-0.00137748149561792
79.5,51.5092485395093,-0.161002721109131,0.497376782003127,-0.000182573650405614
80,51.5092503580226,-0.161003667605994,0.747620499348199,-0.0111348185206623
80.5,51.5092540149563,-0.161004238176883,1.00594006521482,0.00501179263122543
81,51.5092592914736,-0.161005230387063,1.24382949486446,-0.0419622368915422
81.5,51.5092655141266,-0.161005786889852,1.2429823285324,-0.0253778665286164
82,51.509271487561,-0.161007042993342,1.25995460069275,-0.0206927393217189
82.5,51.5092761046039,-0.161007587896005,1.26980186287474,-0.0213135161127802
83,51.5092818421571,-0.161006585926576,1.25501785060011,-0.00103368776855354
83.5,51.5092880505277,-0.161006318617228,1.2362285636772,0.00535934173077209
84,51.5092930741513,-0.161006976745469,1.27117006586771,-0.0475989076022772
84.5,51.5092989691867,-0.161007158114519,1.2584650418502,-0.0293017577137817
85,51.5093051955864,-0.161007854113673,1.26199809496491,0.00363277387717567
85.5,51.5093107935373,-0.161008028058592,1.24394337554148,0.0232838472804713
86,51.5093165043629,-0.161007817559697,1.251372356676,0.0286544652470344
86.5,51.5093219421205,-0.161007444579095,1.23514508115642,0.0152598856006651
87,51.5093272498965,-0.161007321093498,1.22067198546509,-0.00789082723475817
87.5,51.5093328066065,-0.161007487303122,1.24864451293891,-0.0611646206408578
88,51.5093388922596,-0.16100823582995,1.26735180967777,-0.0381354518520853
88.5,51.5093444339218,-0.161008882039339,1.24665198089195,-0.0359775068257464
89,51.5093498530818,-0.161009495329534,1.26667052137437,-0.00814600627213047
89.5,51.5093556995213,-0.161008427722037,1.25583723348477,-0.0259397924307588
90,51.5093617307621,-0.161007904921404,1.24039427862636,0.0264308599683305
90.5,51.5093674737103,-0.161007468512688,1.2392429945583,-0.017205558765567
91,51.5093724912222,-0.161007802161089,1.26370493102584,0.00275133091943327
91.5,51.5093781163906,-0.161007325333091,1.23373723151395,-0.0343027521266969
92,51.5093847458014,-0.161006968897333,1.2430239571438,0.000875304937426518
92.5,51.5093900380899,-0.161007878916363,1.24178518660241,-0.0348018045439517
93,51.5093965780386,-0.161007700162089,1.24588602106434,-0.0135313250427864
93.5,51.5094022862916,-0.161008115136228,1.24326288480365,0.00438323087549458
94,51.5094075107536,-0.161007250625364,1.27581186633446,0.0234666323481753
94.5,51.5094129915552,-0.161006737677712,1.24274501512173,0.00848934748196299
95,51.5094185724222,-0.161006110443007,1.24803953670722,0.051187356093687
95.5,51.5094241702868,-0.161005760034521,1.26300421516953,-0.0146703895006429
96,51.509429972877,-0.161005789043422,1.22877465550124,-0.0119029395454201
96.5,51.5094356338322,-0.16100528548389,1.24514120583445,0.0219577505901443
97,51.5094416631025,-0.161003938906463,1.23720353798541,0.0279488798234253
97.5,51.5094464766133,-0.161004105494253,1.29324428526183,0.00749844542377331
98,51.50945225619,-0.161004929398221,1.25706915480318,0.0232423567035408
98.5,51.5094579395561,-0.161004669060081,1.22850450792269,0.0251719780270867
99,51.5094627999075,-0.16100540118353,1.23260959007045,0.052169220607827
99.5,51.5094683405377,-0.161005352019487,1.23522438843093,0.0547006278968004
100,51.5094737293651,-0.161005583871637,1.25846385756787,-0.0165420080132786
100.5,51.5094789036217,-0.161005420651524,1.24150871565355,0.0217478247962106
101,51.5094845410961,-0.161005515897917,1.24723581141381,-0.0290699779080653
101.5,51.509490045445,-0.161006957385005,1.2226253317354,0.0105446180524287
102,51.5094962802931,-0.161008081386601,1.24484565346072,0.00854839097462707
102.5,51.5095013815593,-0.161008849549934,1.27060093372882,-0.016708243207854
103,51.5095063082997,-0.161008587539686,1.23943079273467,0.0480526543353182
103.5,51.5095119554518,-0.161009598546028,1.27463065477175,-0.025620524510498
104,51.509517152163,-0.161009297630798,1.26687642107524,-0.0319639625399864
104.5,51.5095226539369,-0.161008445198054,1.22125056079345,-0.0295605319393338
105,51.5095273620702,-0.161007722415958,1.25659706711624,-0.0300951498700767
105.5,51.5095331678161,-0.161008783700647,1.27202534521762,-0.0323520925789586
106,51.509539049064,-0.161007567911133,1.26365681868139,-0.00331914317507364
106.5,51.50954471407,-0.161007091343762,1.24067191023061,-0.00571869832050859
107,51.5095510008857,-0.161005481643831,1.23605919663088,0.00140531152123273
107.5,51.5095558833825,-0.161005935934758,1.26620437378709,0.0110230818557828
108,51.5095617938439,-0.161005519138487,1.26732526042109,0.0043150000887704
108.5,51.5095676897086,-0.161005484664209,1.28147000260066,-0.0145622236185265
109,51.5095736317392,-0.161006956583461,1.26927615450034,-0.0152152872231126
109.5,51.5095791747959,-0.161006829153884,1.25647594272546,-0.00649302808101323
110,51.5095848257853,-0.161006919687629,1.27910911965193,-0.0444468863435752
110.5,51.509589750429,-0.161007077877778,1.02552692009668,-0.0213983250469469
111,51.5095940174198,-0.161007968415645,0.767373518224824,-0.0123712145990478
111.5,51.5095960628306,-0.161008691519085,0.499058996626642,1.84256062239338e-06
112,51.5095981771471,-0.161008778755539,0.245449267394175,-0.012142493001138
112.5,51.5095998716252,-0.161008668384178,0.215251411204032,0.0643045691249355
113,51.5096007194033,-0.161008406571963,0.219826029843719,0.152798918813194
113.5,51.5096014271179,-0.161005634690306,0.124602199703751,0.2070931368847
114,51.5096020273815,-0.161003737918246,0.131127248037995,0.187412266815155
114.5,51.5096025879896,-0.161002852323792,0.0508547213391869,0.254281013607585
115,51.5096024655781,-0.161001204296491,-0.0174543938161865,0.258964851644118
115.5,51.5096023711356,-0.16100006957895,-0.0632629418317965,0.222513708281718
116,51.5096016989826,-0.160998158897693,-0.122277056687119,0.208057361177758
116.5,51.5096012030504,-0.160996549802465,-0.166438355189035,0.196306051506417
117,51.5096004871328,-0.160995662143402,-0.210676513799522,0.12224630022124
117.5,51.5096000536673,-0.160995727199855,-0.256796737149228,0.0658342585586104
118,51.5095991359396,-0.160995796326998,-0.243283833693486,0.0153337953164698
118.5,51.5095967364255,-0.160996218438808,-0.498657130729318,0.0110565773284651
119,51.5095935121556,-0.160996182714258,-0.771677195650933,0.0212766484887064
119.5,51.5095897368786,-0.160996948486186,-1.0043121841319,0.0537173102064596
120,51.5095851558387,-0.160996454866673,-1.22511652252047,0.0173567967002236
120.5,51.5095794632843,-0.160996005923406,-1.2535564335986,0.00312638363331465
121,51.5095734678975,-0.16099671856717,-1.25943186229124,-0.0135847869958101
121.5,51.5095681470908,-0.160995895971809,-1.26372401477962,0.0394106739920662
122,51.5095625544819,-0.16099601598748,-1.23486025513772,0.0137827387837922
122.5,51.5095567847343,-0.16099566636741,-1.25300778702617,0.0114361765358436
123,51.5095511327601,-0.160994992935233,-1.25240533725026,-0.0375189690973203
123.5,51.5095458141423,-0.160995785109881,-1.23808850814314,-0.0151454773534919
124,51.5095404576133,-0.160996661196123,-1.26192653702277,-0.0197240470434135
124.5,51.5095351771128,-0.160997181983126,-1.25458995979229,-0.0343074468276223
125,51.5095295087004,-0.160996838066678,-1.24529629590159,-0.0532236224443307
125.5,51.5095237905073,-0.16099597308126,-1.25375803712145,-0.0122322591619105
126,51.5095180408348,-0.16099580733301,-1.25134526837928,0.0055372350629087
126.5,51.509511896107,-0.16099605491209,-1.27073477287317,0.0346464195581457
127,51.5095062430046,-0.16099578945949,-1.22676806101373,7.14090626299214e-05
127.5,51.5095002841115,-0.160996553400353,-1.21418918482507,0.0198132539828819
128,51.5094953433214,-0.160996199597613,-1.23299643430353,-0.00907119742828753
128.5,51.5094902728329,-0.160995592405879,-1.24236179923089,0.0352172528904678
129,51.5094842416007,-0.160995016369637,-1.2562412566751,0.00637890405949356
129.5,51.5094784273011,-0.160994957870949,-1.22546278027756,-0.0182414087404416
130,51.5094731222927,-0.160993957148447,-1.26796450224914,-0.0147779685012693
130.5,51.5094677144468,-0.160993276049475,-1.27276504224403,-0.00969135455847357
131,51.509462230651,-0.160993454644997,-1.25896479135535,-0.0180209662861958
131.5,51.5094566318424,-0.160994363626027,-1.24323353920651,-0.0192790219741108
132,51.509451115942,-0.160993814713143,-1.26710808602193,-0.00536604167011447
132.5,51.5094448056829,-0.160994364730908,-1.24265467309531,0.024883728651579
133,51.5094393460114,-0.160992111313625,-1.25601355177165,0.0323606355132407
133.5,51.5094335317481,-0.160992412641263,-1.24764479435838,0.0526428687176898
134,51.509427537425,-0.160992431058824,-1.26852597839361,0.0542873407278984
134.5,51.5094211171349,-0.160992853034663,-1.22991728193054,0.0417887898165814
135,51.509415969973,-0.1609923567088,-1.21777409757272,0.0241442279555933
135.5,51.5094103395493,-0.160992446405388,-1.23928874112357,-0.00953807450348125
136,51.5094049988143,-0.160992942506149,-1.25592182583311,-0.00318849389373532
136.5,51.509399795813,-0.160992826426292,-1.26195486152411,0.0186074304549021
137,51.5093950325128,-0.160992239730598,-1.25385397881554,0.0233980212435775
137.5,51.5093892488694,-0.160992293634744,-1.24449434890827,0.0225478431529889
138,51.5093849199249,-0.160991606234128,-1.228655181316,0.00750859710998431
138.5,51.5093789544953,-0.160991012148064,-1.2524090311714,0.029882816191052
139,51.5093739168071,-0.160991461169677,-1.24014371720735,0.0303331504998947
139.5,51.5093679019058,-0.160991417528211,-1.23920359009178,0.025259228711522
140,51.5093627288247,-0.160990738968513,-1.27244335267255,0.0292969524832673
140.5,51.5093571957271,-0.160990830488699,-1.27476271368942,0.0257293941976182
141,51.5093512527535,-0.160990979773439,-1.23767570612683,0.0317743251046848
141.5,51.5093456535107,-0.160990940248921,-1.23543253504941,-0.0216772855237671
142,51.5093403860681,-0.160991379686595,-1.2672844602251,-0.00649608831972914
142.5,51.5093340722101,-0.160990587804626,-1.26221692679956,0.0217990970919954
143,51.509328155928,-0.160991421704294,-1.2594486211427,-0.0115633563737511
143.5,51.5093230030383,-0.160992426248199,-1.24982601158407,-0.0150362510900819
144,51.5093170010582,-0.160992659315712,-1.22396652628761,-0.00191642307938266
144.5,51.5093113601171,-0.160992893242498,-1.26429147739779,0.0111761214296159
145,51.5093049978612,-0.160992067016061,-1.24516475537415,0.0284100492631646
145.5,51.5092996752234,-0.160991503755132,-1.25092783543624,-0.00211630055723951
146,51.5092940613423,-0.160991927192795,-1.27066345210829,0.035892756681722
146.5,51.5092886274519,-0.160991532678461,-1.24977173939062,-0.0158269220299532
147,51.5092828296824,-0.160991456163679,-1.226065792334,0.0213217739289506
147.5,51.5092769234999,-0.160990631187333,-1.28133543246221,0.0158109408971008
148,51.5092712609705,-0.160990193775226,-1.25805125148092,0.0367423776900495
148.5,51.5092651968842,-0.160990745014903,-1.27583429920565,0.0107115375677158
149,51.5092592476248,-0.160991713193272,-1.2696400325045,0.0199511443813416
149.5,51.5092542682713,-0.160990936034583,-1.02109224567199,0.0105199193665026
150,51.5092506398886,-0.160990131404644,-0.760862655139669,0.011328150740256
150.5,51.5092478463393,-0.160989412650117,-0.496474878871779,-0.0223349906973785
151,51.5092456738418,-0.160989721661342,-0.252654247597515,-0.0407646727794591
151.5,51.5092442807622,-0.160990372427469,-0.230875491741972,0.0420375501877103
152,51.5092433102328,-0.16098853590424,-0.206237003483848,0.147950070249418
152.5,51.5092421355735,-0.160988601483997,-0.167783217608063,0.15326531251159
153,51.5092416186178,-0.160987038722676,-0.127770253892972,0.216430173636584
153.5,51.5092414188171,-0.160984858116751,-0.0662999473689582,0.233584947176019
154,51.5092410814486,-0.160983472027395,-0.00839702866033656,0.227381298033809
154.5,51.5092424251651,-0.160981847849013,0.0492896168871906,0.252914604144571
155,51.5092427196266,-0.160979628620649,0.122553241108647,0.216598555720501
155.5,51.5092432214117,-0.160978605259909,0.163965839925816,0.174228315470235
156,51.5092443269387,-0.160977349177597,0.219786045945537,0.124775099973112
156.5,51.5092451884729,-0.16097606059695,0.212680527385996,0.0644285060219036
157,51.509246225224,-0.160974989931725,0.251399613437354,0.00577104535850444
157.5,51.5092476139062,-0.160974549025745,0.502795449324327,-0.0180282658077292
158,51.5092501776781,-0.160973958955986,0.747456634920655,-0.0294425628796358
158.5,51.509253577088,-0.160975615423255,1.01954148437651,-0.0263483076304786
159,51.5092587684228,-0.160975741505491,1.24633236042653,-0.0140249347550206
159.5,51.5092640068485,-0.160974503010216,1.24074334207246,0.00012223901118236
160,51.5092696936379,-0.160974829205406,1.25773958437575,-0.0245590391883975
160.5,51.5092752954796,-0.160975202280655,1.25609847689663,0.00337496577780113
161,51.5092809623399,-0.160975604399559,1.25984329666639,0.0153217210300374
161.5,51.5092865873611,-0.160975502890496,1.24049317088362,0.0181801959843719
162,51.5092920582777,-0.160975023407422,1.23230044495625,0.0181391751596587
162.5,51.5092976321724,-0.160975269235541,1.25678679308125,0.0120391074772353
163,51.509303901208,-0.160975293408107,1.2595177705497,-0.0168970010159738
163.5,51.5093084166814,-0.160976133824647,1.23847876355035,0.0194320837260443
164,51.5093141703141,-0.160975675851439,1.27139404353224,-0.0159374299602475
164.5,51.5093199453729,-0.160975543634115,1.25857745255567,-0.00238061089281989
165,51.5093259849173,-0.160975787112548,1.2562864989359,-0.00364722476833183
165.5,51.509332152525,-0.160976672000825,1.25817112079403,0.00730961163481432
166,51.5093375518183,-0.160976170912236,1.26902954263815,0.0221026576373103
166.5,51.5093426548654,-0.160976136101954,1.2629163143049,0.000753522970860156
167,51.5093479878411,-0.160976530551834,1.24188183072754,0.0269319657264018
167.5,51.5093536033606,-0.160976924996979,1.23259765477498,0.00188644211845848
168,51.5093595192776,-0.160975591192123,1.26167931703116,0.0129747520512213
168.5,51.5093652354535,-0.160976821574711,1.24998209575302,-0.0116916137136062
169,51.5093710996592,-0.160976484119213,1.26355442998753,-0.0287962297787665
169.5,51.5093761862719,-0.160976311026686,1.2425717770779,-0.00871283185366158
170,51.5093822725807,-0.16097711443637,1.23292016462635,-0.00570975317322579
170.5,51.5093879377112,-0.160976299418566,1.2511947473925,-0.0123513752059241
171,51.5093938085741,-0.160976116032591,1.22391682205773,-0.000772474863023638
171.5,51.5093999818548,-0.160976748672863,1.22017883444644,-0.0131717114047114
172,51.5094047405208,-0.160976500623107,1.24000580878137,-0.00648384728506624
172.5,51.5094106095422,-0.160977237086371,1.23504271684862,0.000391538499545445
173,51.5094164341626,-0.160977598994873,1.22925356135213,0.0341587416526285
173.5,51.5094226985802,-0.160975935245641,1.24448509455099,0.000923866650623989
174,51.509427363451,-0.160975754275084,1.25665292178455,0.0174376604066739
174.5,51.5094327915396,-0.160975710066111,1.26040162672242,0.0190753089842006
175,51.5094390647051,-0.160975273906181,1.2275723939651,-0.0135481550727742
175.5,51.509445149343,-0.160976123793102,1.26546502697633,-0.00853282306532331
176,51.5094508498374,-0.160975312713257,1.25833383723053,0.0377346825229449
176.5,51.5094562282163,-0.160975007834288,1.26596928224317,-0.0112019707284237
177,51.5094617405775,-0.160975226231532,1.23369149856115,0.0124006413569137
177.5,51.5094672911002,-0.160974547397477,1.23673152766784,0.0392110368591929
178,51.5094725902275,-0.160975449474778,1.2596553771522,0.0269281404504401
178.5,51.5094778510401,-0.160975056266066,1.25495983678127,0.0217701433154114
179,51.5094834057508,-0.160975282065545,1.22849027867915,0.0384019313056095
179.5,51.5094892758112,-0.160976392762672,1.227385938149,0.0231490304983581
180,51.5094953475126,-0.160976556069175,1.24086222304181,-0.00505836718762567
180.5,51.5095006510507,-0.160975785899388,1.2382512017097,0.0129450934543192
181,51.5095059402573,-0.160976030732559,1.22577146421747,0.00384225773074747
181.5,51.5095112106592,-0.160975511628936,1.23871864391167,-0.0145101908829003
182,51.5095163699735,-0.160975063119271,1.25436164470643,-0.00506284631854914
182.5,51.5095222458358,-0.160975171175733,1.24490503505422,-0.00949191104646581
183,51.5095279284737,-0.160974379392388,1.24706710358163,0.0215250889970839
183.5,51.5095340667961,-0.160974715850552,1.25625232167189,0.00273440966793081
184,51.5095392582228,-0.160975501098728,1.23001574275127,-0.00518756171012827
184.5,51.509545026634,-0.160974432916132,1.22337553076075,0.00831028975910926
185,51.5095505526538,-0.160975166526604,1.2654507647776,-0.0256682835210835
185.5,51.5095561440394,-0.160973943796176,1.25505033534447,-0.0478053749070807
186,51.5095623018385,-0.160973578909435,1.25192484829626,-0.0127672534199847
186.5,51.5095687421609,-0.160974070221057,1.24487753689321,-0.0010533827954114
187,51.5095735775489,-0.160973995558168,1.21980412558774,-0.0119702881862242
187.5,51.509579638085,-0.160973873017648,1.27551873067187,-0.00844980629643893
188,51.5095852679674,-0.16097446621809,1.26726957764951,0.0026959442273591
188.5,51.5095904027894,-0.160974390636782,1.00625972973033,-0.00321051211082027
189,51.5095946274778,-0.160975077781792,0.758491113923372,0.00687068931439174
189.5,51.5095978670391,-0.160975650781568,0.489457941405941,-0.0128706583122305
190,51.5095997860613,-0.160975634672544,0.236740131066871,-0.0270231049255377
190.5,51.5096002612286,-0.160973662628626,0.262820945253621,0.0576867873048587
191,51.5096008863329,-0.160972744258775,0.215969435327053,0.133723313791126
191.5,51.5096015540108,-0.160970884924019,0.166901647465953,0.180258481796856
192,51.5096016994508,-0.160969611760697,0.132452489666281,0.231777789769973
192.5,51.5096029133516,-0.160967779261504,0.0887964661485397,0.239433682842962
193,51.5096033758585,-0.160965295678025,0.0214771509105936,0.231485271751109
193.5,51.5096033571451,-0.160962911287492,-0.067166636001664,0.234636337228101
194,51.5096029235381,-0.160961159715636,-0.139242603639166,0.220394055453539
194.5,51.5096024356516,-0.16096024389465,-0.180245251381297,0.183489941698862
195,51.5096016386547,-0.160959762434923,-0.198593756916865,0.120928438575382
195.5,51.5096003049463,-0.160958218478413,-0.256775500524787,0.10026627405265
196,51.509599244339,-0.160957436850326,-0.246736091143715,0.000123237523067657
196.5,51.5095973070077,-0.16095735400242,-0.50862727607925,0.00959868278918518
197,51.5095943702043,-0.160958804442882,-0.753862813462802,0.0164852360236123
197.5,51.5095905403703,-0.160958451062707,-1.00951933277617,0.00293854401420711
198,51.5095854135435,-0.160959233003713,-1.27564663932057,0.00763387691506493
198.5,51.5095796092081,-0.160960390070266,-1.26930034469368,0.0240217887768962
199,51.5095743093925,-0.16095896960313,-1.23531042804427,-0.0247703702936086
199.5,51.5095680812618,-0.160959892638515,-1.24955278585122,-0.0189868634487413
200,51.5095624330309,-0.160959628404565,-1.23985246776885,0.0105142106266863
200.5,51.509556892726,-0.160959358495636,-1.26992526253188,-0.00284772615198808
201,51.5095511283394,-0.160960358776002,-1.27501265331191,0.0215147762103293
201.5,51.5095453874662,-0.160960306805742,-1.25682768635768,0.0273123262279309
202,51.5095392722288,-0.160960729393639,-1.2534688138039,0.0219252591336024
202.5,51.5095338684952,-0.160959393621736,-1.26432660512628,0.0285217994815227
203,51.509529053047,-0.16095898933455,-1.26188286689973,0.00202057168219031
203.5,51.5095230434763,-0.160958856229106,-1.26334366011898,0.0107895440364623
204,51.5095177396515,-0.16095868330137,-1.25265390171631,0.0259723733843215
204.5,51.5095121001695,-0.160958186742782,-1.24318395984758,0.0334584214198112
205,51.5095067395355,-0.160957486371371,-1.23871259243986,0.0178644775583796
205.5,51.5095013048026,-0.160957730636958,-1.25407732066558,0.00736011633511347
206,51.5094948339153,-0.160957263336076,-1.26943717836415,-0.00934548745576914
206.5,51.5094887788332,-0.160956921719428,-1.227545256876,-0.0170592866398931
207,51.5094836396042,-0.160957331376418,-1.23610244834627,-0.0223571954271714
207.5,51.509478551299,-0.160958348517181,-1.238244373711,-0.0221910916093706
208,51.5094725362781,-0.160958326676946,-1.24488638710637,-0.00678920794399785
208.5,51.5094669978886,-0.160959025241,-1.23781939158077,-0.039653560511498
209,51.5094608156483,-0.160958785185875,-1.25095781266401,0.00342729432925778
209.5,51.5094549111362,-0.160958560901318,-1.2641921769239,-0.00596270864149319
210,51.5094491874446,-0.160958859027701,-1.26466885388686,0.0263318271147077
210.5,51.5094439826917,-0.160958694042293,-1.25143204413459,0.0404084412306405
211,51.5094384404474,-0.160958252337389,-1.25351099709137,-0.00509078743338502
211.5,51.5094316220417,-0.160957707034477,-1.26436595304582,0.0399984147404354
212,51.5094258991706,-0.160957457889752,-1.25209526982049,-0.00780017186718102
212.5,51.5094204906129,-0.160958619506691,-1.2516646996114,0.00115820020974406
213,51.5094153769214,-0.16095956736105,-1.24456916182388,-0.0522374606389178
213.5,51.5094098598845,-0.160961107093238,-1.23486246801663,-0.00361992116857673
214,51.5094037813465,-0.160960812129482,-1.2643603735277,0.00383819474792551
214.5,51.5093988646244,-0.160961036516253,-1.24432719473738,0.0125280938314135
215,51.509393702015,-0.16095951417832,-1.22433681345384,0.00479510989988287
215.5,51.5093884958121,-0.160959322691749,-1.24002149820616,-0.0100537368924433
216,51.5093832471854,-0.16095778874929,-1.24427068427965,-0.0198251959903202
216.5,51.5093775383872,-0.160957213857899,-1.26554915632659,-0.0103984122881515
217,51.5093716158979,-0.160957422832802,-1.23706325718719,-0.0265547094381288
217.5,51.5093666165645,-0.160957098798299,-1.25617107394577,-0.00527658828813743
218,51.5093605831807,-0.16095752487573,-1.24160363372624,0.0150976342084345
218.5,51.5093548655961,-0.16095734572026,-1.24145242729143,-0.0226416091199541
219,51.5093491713817,-0.160957773489884,-1.26603560511296,0.0185865278596883
219.5,51.5093434436636,-0.160957125114755,-1.26516420874629,0.00846944424849999
220,51.5093379064777,-0.160956989834382,-1.23295306555024,-0.0174796044060574
220.5,51.509332666281,-0.160956665696908,-1.27428598940555,0.0159907052012804
221,51.509326700947,-0.160957616016503,-1.23158769733822,-0.011645424069736
221.5,51.5093207428478,-0.160958315778438,-1.23790808508291,-0.00921578353916895
222,51.5093153067749,-0.160958154184587,-1.25365382745566,0.0235700375135228
222.5,51.5093096498095,-0.160957682640743,-1.24739911833846,-0.00493780200143646
223,51.509304651335,-0.160958156667629,-1.24211792484214,-0.0120394500120948
223.5,51.5092990856696,-0.160958482746876,-1.24050462596116,-0.0177854042374212
224,51.5092938901085,-0.160959034445814,-1.26217677084619,-0.0129839686248567
224.5,51.5092887503505,-0.160959444584192,-1.24809525751189,-0.00460153579980181
225,51.5092828430168,-0.160959364066525,-1.26096901102198,0.00571633663395262
225.5,51.5092776071533,-0.160959994402402,-1.24231201558492,-0.00240000831222193
226,51.5092722157985,-0.160960899181538,-1.26484055505616,-0.0057639757465687
226.5,51.5092663394662,-0.160960718328716,-1.24975901213388,-0.00329972101606122
227,51.5092608035003,-0.160960805212907,-1.26043511076313,-0.00906710496199751
227.5,51.5092551086284,-0.160960598550054,-1.00204141046841,0.0208089201365372
228,51.5092512937358,-0.160960285352242,-0.761647682037969,0.00582255858138444
228.5,51.5092484196025,-0.160961207207018,-0.513885727905779,0.00125413932627789
229,51.5092462632836,-0.160961053447597,-0.255563062929678,-0.0198771973599617
229.5,51.509245155643,-0.160960884724327,-0.226041407228089,0.0912549457980215
230,51.5092435178625,-0.160960656775452,-0.228107228117599,0.136745054991312
230.5,51.5092424235817,-0.160959153595823,-0.205195040042408,0.179055650694702
231,51.509242116392,-0.160957746399349,-0.10516591266464,0.230864800076132
231.5,51.5092421668971,-0.160955684125771,-0.0678898679909432,0.243070764636355
232,51.5092425367241,-0.160953630019242,0.0011022172904161,0.251213416932279
232.5,51.5092424583542,-0.160951202148007,0.0584391967194922,0.264762403903356
233,51.5092429533179,-0.16094835369215,0.129064712374552,0.213787900188527
233.5,51.5092441638476,-0.160947082961675,0.162957421529291,0.184434265648077
234,51.509245749651,-0.160946234663518,0.213989068666538,0.123318890782261
234.5,51.5092469624068,-0.16094609851548,0.228485107488034,0.069161360560212
235,51.5092478089445,-0.160945398074098,0.232589933644434,-0.0223591648301024
235.5,51.5092485439169,-0.160945654244771,0.501574989278474,-0.00963115035920789
236,51.509251688792,-0.160946328875283,0.769625632294182,0.00356382124144229
236.5,51.5092554002084,-0.160946880973025,1.01669745675918,-0.0140192099654589
237,51.5092604994944,-0.160946013402666,1.26009137406695,0.014303062468194
237.5,51.5092665474035,-0.160946893101472,1.24562174907231,0.00971927221535233
238,51.5092718013021,-0.160946785157364,1.24158927571574,0.0273477425234182
238.5,51.5092777189423,-0.160946971855439,1.24479762547049,0.0114866136649887
239,51.5092832745677,-0.160947717528048,1.23545311294435,-0.0432518418635886
239.5,51.5092885182798,-0.160947618365029,1.24444181727332,-0.0229635451710329
240,51.5092939223757,-0.16094681640178,1.24288281040102,-0.0241726723903353
240.5,51.5092994589067,-0.160945749185348,1.2489901348274,-0.00457297035443974
241,51.5093043317719,-0.160944861397185,1.23704601857814,0.000925345325573012
241.5,51.5093104456198,-0.160944193197742,1.25706763276095,0.00013926028863343
242,51.5093162808209,-0.160944499413924,1.22180585963159,0.00185244041299922
242.5,51.5093224515995,-0.160943987945051,1.2466146180045,0.0355200667142758
243,51.509328388535,-0.16094464636625,1.25485641894838,0.0110827079736651
243.5,51.5093334250795,-0.160945223097215,1.25705783314307,-0.0284565911368486
244,51.5093388739183,-0.160945830844366,1.24484091673688,0.00860784200678649
244.5,51.5093442631727,-0.160946638349362,1.23443611334256,0.00343400604494938
245,51.509349848087,-0.160946976127205,1.25030481072344,-0.00816663610491619
245.5,51.5093559707559,-0.16094590809197,1.25486134863858,-0.0354838401250637
246,51.5093614198741,-0.160945544886578,1.2145999728387,0.0238997154400553
246.5,51.5093669083906,-0.160946267537825,1.23379214418849,-0.00626946800170865
247,51.5093724000679,-0.1609458177292,1.24879710387747,0.00234900399927035
247.5,51.5093774631505,-0.160945173314599,1.22469178180855,0.00748321956811175
248,51.5093825954038,-0.160946334023802,1.24590886137084,-0.0106683196528551
248.5,51.509388288249,-0.160947161388599,1.21528617815821,-0.00730888629915055
249,51.5093941906913,-0.160946796727559,1.25264438420225,-0.0139719442531574
249.5,51.5093995552095,-0.160946767621299,1.23235972685454,-0.0272955867354796
250,51.5094054256487,-0.160946667566874,1.24987695274314,-0.0277552601126433
250.5,51.5094107574226,-0.16094792809338,1.22619722332683,-0.0303037633786316
251,51.5094167048238,-0.160947364063844,1.23740482019601,-0.0365829339264846
251.5,51.5094221598462,-0.160948469054398,1.25484586430324,-0.0289512445813529
252,51.5094281585616,-0.160949031181861,1.25017090109829,-0.0208912064420743
252.5,51.5094340857006,-0.160948167976384,1.25267759103724,-0.00646555715549202
253,51.5094397734888,-0.160947677221303,1.22620035745345,-0.0137216092892911
253.5,51.5094449403357,-0.160947771509705,1.23487516169115,0.0102748552290874
254,51.5094508379978,-0.160947987645259,1.28130942883458,-0.0276821596166826
254.5,51.5094558792584,-0.160947536605266,1.25217208246936,-0.0241178245903467
255,51.509460935594,-0.160949159696943,1.24274247047595,-0.00365071881082564
255.5,51.5094665633751,-0.160949567259277,1.25333320797149,-0.0141822473804582
256,51.5094712188927,-0.160948407322094,1.25705719285756,-0.00108157516113165
256.5,51.5094768407577,-0.160947978385975,1.24593233324946,0.0266868560580054
257,51.509482758043,-0.160947826245376,1.25984822646128,-0.00217532244625833
257.5,51.5094877694656,-0.160948594574427,1.24204906032116,0.0166579526776342
258,51.5094936042278,-0.160949397727018,1.23918081253057,-0.0251132073224473
258.5,51.5094991740219,-0.160949514539088,1.26536417139011,-0.00733560454826812
259,51.5095043580893,-0.160949506780448,1.23430035417578,0.0219181889908193
259.5,51.5095094716581,-0.160950126513983,1.24290682868539,0.0100847111087689
260,51.509515375842,-0.160950212568957,1.26595261794928,0.0223829527317515
260.5,51.5095211481431,-0.16094934379628,1.23810091421781,0.0362340570340605
261,51.5095272771715,-0.160949080508908,1.25925808283986,0.0599575853812505
261.5,51.5095323339088,-0.160949798621038,1.26533243490622,0.0465679093759724
262,51.5095372360039,-0.160948842478445,1.27038625666216,0.0756871824034302
262.5,51.5095436331195,-0.160948138198412,1.2708428309545,0.0550936826420317
263,51.5095499706475,-0.160948066925831,1.27261784976885,0.0640572854612178
263.5,51.5095554507679,-0.160947260329722,1.24049689779263,0.0346164307575532
264,51.5095603734465,-0.16094675143229,1.23614969195985,0.0230497088812305
264.5,51.5095654597719,-0.160945609010555,1.24555665766127,0.0227150733012343
265,51.5095705798235,-0.160945106690819,1.23583035193159,0.00188175871725085
265.5,51.5095763527778,-0.160945485429412,1.23094761120119,-0.000531175405018212
266,51.509582587196,-0.160944440069022,1.24970127129244,0.0307513705229381
266.5,51.5095883739409,-0.160943160303798,1.01447490201454,0.00331217031690617
267,51.5095938686539,-0.160942730030315,0.76895472063134,-0.0166264992174795
267.5,51.5095973701646,-0.160942400053647,0.506806517976606,0.0313120675419106
268,51.5095996510385,-0.160941538050606,0.255507287473704,-0.00662591063247475
268.5,51.5096005710346,-0.160941941664682,0.244856226093009,0.0225263287436183
269,51.5096015780376,-0.160940975427789,0.195898834267195,0.129717244578572
269.5,51.5096031765277,-0.160939147003542,0.20649717363758,0.185535182162719
270,51.5096042200049,-0.160936674230854,0.118466034041161,0.247833596593484
270.5,51.5096049669717,-0.160934074922366,0.0691591943249264,0.227512986374273
271,51.5096052803211,-0.160931503259813,-0.00469778219079004,0.266488233375109
271.5,51.5096057343155,-0.160929003092129,-0.055091815366483,0.241372317137924
272,51.5096062049718,-0.16092698845595,-0.150300428583278,0.268270081770898
272.5,51.5096058991066,-0.160924133380176,-0.176655790636688,0.198119404918107
273,51.509604733771,-0.16092363821546,-0.241757685685826,0.137845125353139
273.5,51.5096041875689,-0.160923403203943,-0.207826868754228,0.0328959300462598
274,51.5096038479955,-0.160923058353419,-0.246949015666077,0.00912874972886699
274.5,51.5096031126712,-0.160921305100467,-0.511115357290209,0.00301919833159201
275,51.5096009190552,-0.160922413443253,-0.741796733039826,0.00958861280830024
275.5,51.5095977961873,-0.160921708683559,-1.00145299631011,-0.0113003249229931
276,51.5095933070176,-0.160921810140612,-1.25763575590731,-0.00110157316920328
276.5,51.5095875941039,-0.160920999943825,-1.28738115450813,-0.00692572916709991
277,51.5095815798615,-0.160921567468393,-1.2716504930092,0.0295604394287204
277.5,51.5095758609319,-0.160921882297146,-1.26665950235357,0.018093673151277
278,51.5095691818885,-0.16092108738333,-1.25209786714395,0.0191805920925675
278.5,51.509562903423,-0.16092132037967,-1.23914663760516,0.0119095130720448
279,51.5095566679372,-0.160921032030567,-1.26428549964572,-0.00417926938485568
279.5,51.5095511731123,-0.160921436577144,-1.27305663836781,0.00908383021754877
280,51.5095442710734,-0.160922349039398,-1.26926412270775,-0.00228825310459396
280.5,51.5095377956823,-0.160922912295755,-1.25304049538763,0.00291498074881205
281,51.5095316250012,-0.160922977807318,-1.24151567281435,0.0118391831950644
281.5,51.5095257934788,-0.160924119518563,-1.24176633064772,0.0105199000187618
282,51.5095203564459,-0.160925078607371,-1.23129190102103,-0.0161752906806865
282.5,51.5095155051857,-0.160924934750857,-1.24637149360243,0.00574428348120344
283,51.5095102254167,-0.160924061304225,-1.2457810413049,-0.00906773649212975
283.5,51.5095047186856,-0.160923709533225,-1.24708048652461,0.00658690698557072
284,51.509498799564,-0.160924154612296,-1.25396529759065,0.0141251107564202
284.5,51.5094925706195,-0.160923703585962,-1.24651951107931,0.025053487047438
285,51.5094864661341,-0.160923899901658,-1.24063276995192,0.0532700571723066
285.5,51.5094806066702,-0.160923210794833,-1.2399891640341,0.0594350603121584
286,51.509475194188,-0.160923903803656,-1.24175864314469,0.0670239070818641
286.5,51.5094686003372,-0.160923088078305,-1.23679070063147,0.0307300222670663
287,51.5094632752149,-0.160922451143734,-1.26671550058991,0.0573427384419618
287.5,51.5094562864476,-0.160922085989907,-1.25528400733804,0.0340045832683752
288,51.5094507498007,-0.160921887041799,-1.27910694939005,0.0454692407569462
288.5,51.509445398499,-0.160921460301763,-1.25836469295947,0.0151168805142105
289,51.5094396536112,-0.160921489804164,-1.24768323583757,0.0354927495217293
289.5,51.5094341138735,-0.16092100125038,-1.25907016672069,0.0173573673831234
290,51.5094278100407,-0.160920984492944,-1.26662170926014,-0.00841968757320386
290.5,51.509421869384,-0.160921003706528,-1.26837967309886,0.00714751993297203
291,51.5094161081659,-0.160920911176912,-1.28097135135763,0.0133200488253984
291.5,51.5094109135214,-0.160920744365612,-1.25358122286654,0.000744562529159774
292,51.5094047242798,-0.160921413623602,-1.27132629331021,-0.015288320224286
292.5,51.5093990384771,-0.16092183214021,-1.27572440536719,-0.00952730859626303
293,51.5093934038978,-0.160922340367884,-1.25824659407024,-0.00660511813513211
293.5,51.5093881817635,-0.160922998739243,-1.24849736837526,-0.0287796821870576
294,51.5093817519957,-0.160923900050287,-1.23212550070148,-0.0427405238011591
294.5,51.5093760569374,-0.160924899497479,-1.24982931930119,-0.0212059785004492
295,51.5093707740912,-0.160925561219278,-1.24555820105856,-0.0349745068919304
295.5,51.5093649590974,-0.160926188737015,-1.23235838447444,-0.0454950503647249
296,51.5093595494444,-0.160925466270839,-1.24809381945293,-0.0429082237341534
296.5,51.5093533849904,-0.160926087978354,-1.22214831418107,-0.00877986761643204
297,51.509348031293,-0.160926068700626,-1.25300417636527,0.035969137887396
297.5,51.5093426800074,-0.160926268981222,-1.21712637505549,-0.0117835647155795
298,51.5093369687566,-0.160927152894157,-1.26548968505397,-0.0138577886232709
298.5,51.5093309266997,-0.160927280537816,-1.26580327882253,-0.026471198268043
299,51.509325209756,-0.160927390313876,-1.23404750458584,-0.016809957190099
299.5,51.5093205832463,-0.160927353000723,-1.23846729393923,-0.0559956145597009
300,51.5093156571323,-0.160928318522625,-1.23741071404924,-0.0541903883627956
300.5,51.5093105678432,-0.160929198671793,-1.27330061933549,-0.00633973785018596
301,51.5093045654306,-0.160928497301655,-1.25478718423001,-0.00257612413261712
301.5,51.509298599895,-0.160928433550638,-1.23038938007895,-0.0298036682240894
302,51.509292608294,-0.160928940752233,-1.23941236675756,-0.0174268914844817
302.5,51.5092867983386,-0.160928138976299,-1.2346879295996,0.00520967134662242
303,51.5092808515297,-0.160928432267639,-1.22671631090145,0.0111783963150519
303.5,51.5092756152741,-0.160927980396216,-1.2498297003733,-0.0172159578161048
304,51.5092695267936,-0.160928943979425,-1.22034556919154,-0.0108299348732541
304.5,51.5092640452095,-0.160929353390039,-1.27418421682035,0.00131257370460982
305,51.5092586292883,-0.160931106899778,-1.25323913735565,0.016795105108147
305.5,51.5092529297735,-0.160931349688918,-0.966818894353852,0.00393430318960895
306,51.5092488873895,-0.160931351624838,-0.754275330743265,0.0208814487834405
306.5,51.5092456455691,-0.160930698063735,-0.503208887452824,-0.0331985490967545
307,51.5092440036317,-0.160930306485665,-0.240439297818948,-0.0113550427992216
307.5,51.5092430163076,-0.160931629367977,-0.252322227073648,0.0713165355771067
308,51.5092414370886,-0.160930430894319,-0.208754476869795,0.113322490504107
308.5,51.5092411115719,-0.160929888152839,-0.160510602452605,0.181291591409979
309,51.5092409073811,-0.160928068125747,-0.119135419664706,0.230834624205483
309.5,51.509240718867,-0.160926171512311,-0.0756148959794435,0.245561134528932
310,51.5092408821096,-0.160926172653174,0.00401544082788175,0.219677006882404
310.5,51.5092409421228,-0.160924207648358,0.0782002943097555,0.243795387877188
311,51.5092414099023,-0.160920827816469,0.108343531059246,0.24073749849174
311.5,51.5092420469744,-0.160919344061091,0.155800782612468,0.182317097319306
312,51.5092429430126,-0.160918410949349,0.227750763269603,0.130237608967342
312.5,51.5092447704519,-0.160917795658545,0.216019343283302,0.0930190898519845
313,51.5092458890981,-0.160915532593589,0.224939713647109,0.0175050419005828
313.5,51.5092469808747,-0.160914487718552,0.487294581699108,0.00181775987993749
314,51.5092505748128,-0.160913984085971,0.750017427336846,0.0164093714728125
314.5,51.5092543300317,-0.160914320068596,0.975006466488486,0.00502600448257869
315,51.5092595455616,-0.160914860067115,1.23979197225848,0.00185793297324012
315.5,51.5092647735675,-0.160915141737576,1.23600341678753,0.000805288864768916
316,51.5092700361605,-0.160914755913675,1.23884619434145,0.0354339238917513
316.5,51.5092758860191,-0.160914337950901,1.25028095576294,-0.00608268906907525
317,51.5092805519124,-0.160914921775073,1.27002258576957,0.00919742268638497
317.5,51.5092864306113,-0.160915851379125,1.26073913950738,0.0300038678744567
318,51.5092916007981,-0.160914776355594,1.2534879607474,0.0166459761986192
318.5,51.5092974648639,-0.16091562112575,1.25376580665511,0.00500396665912557
319,51.5093030958268,-0.160916056318164,1.25084304652683,-0.00390854783530037
319.5,51.5093093834597,-0.160917189173682,1.24738711630498,-0.00430480242553931
320,51.5093149211091,-0.160917550230732,1.25696930562986,0.00267380057861618
320.5,51.5093207555747,-0.160918795591266,1.25880008234341,-0.000683793708355384
321,51.5093267165175,-0.160919257642574,1.25805583935619,-0.0172357111010294
321.5,51.509332190116,-0.160919554978103,1.22982130662296,-0.00435057794216607
322,51.5093375831301,-0.160919400483321,1.22654504487675,0.00190774981471815
322.5,51.5093432686951,-0.16091969257158,1.24178779269767,-0.0222012219702455
323,51.5093487898869,-0.160920319403337,1.2540772244961,-0.0321467711182541
323.5,51.5093543589876,-0.160921098985584,1.25232457856189,-0.0233937912892087
324,51.5093594921384,-0.160921141600758,1.23229610905886,0.00177662201215406
324.5,51.5093647885703,-0.160921777525376,1.25052136058296,-0.0226973453677231
325,51.5093705005356,-0.160922356978096,1.28111074091242,-0.0484955004093526
325.5,51.5093762715176,-0.160922980353101,1.25594504183598,-0.0292907730654149
326,51.5093817007713,-0.160923449183981,1.25222682284204,0.0288584364227375
326.5,51.5093870673158,-0.160922890584897,1.26146907410234,-0.0208844957966332
327,51.5093927607735,-0.160923252119198,1.27484914629441,-0.0138655234806129
327.5,51.5093981777054,-0.160923130459167,1.26247894460492,-0.0138186183565476
328,51.5094037856076,-0.160922981588839,1.22997632595059,-0.00943454555972738
328.5,51.5094096712701,-0.160922811344502,1.23843473793966,-0.008830524154018
329,51.5094153469878,-0.16092369759463,1.22747699550486,-0.018805254612534
329.5,51.5094208435852,-0.160924465157261,1.25258346435546,-0.0211588160115918
330,51.5094256520511,-0.160924081434826,1.26204807093996,0.0134185220972207
330.5,51.5094320824095,-0.160922852346394,1.24184762727218,0.0240727256848834
331,51.5094373331142,-0.160922821844072,1.23337700452741,0.0276954597692773
331.5,51.5094432165901,-0.160923937884554,1.26824905193562,0.0310524979310099
332,51.5094493503198,-0.160922822838363,1.23420298990253,-0.000270751190294178
332.5,51.5094547956225,-0.160922835387104,1.24270061013859,0.0132546668520002
333,51.5094601838575,-0.160923403454853,1.27499842506272,-0.0276559316740321
333.5,51.5094665060013,-0.160922049648987,1.23778659712167,0.00670451315576523
334,51.5094722636749,-0.160919999699927,1.24014025407881,0.00110700286497275
334.5,51.5094773681215,-0.160919929569492,1.25667129178064,-0.0196705828487179
335,51.5094834296384,-0.160920136642379,1.23796648142251,0.00347861190913756
335.5,51.5094886504936,-0.160919294771039,1.24857505011327,0.00983028389208545
336,51.5094945712188,-0.160917170719835,1.23792727765112,0.00172656239276789
336.5,51.5095004744876,-0.160915618442062,1.24144773103663,0.0262913709020706
337,51.5095060020433,-0.160915541280131,1.2646524357515,-0.00266799696497115
337.5,51.5095113480224,-0.160915841239176,1.25506230424378,-0.0198925747312142
338,51.509517143281,-0.160915601292818,1.24243257848922,0.0181012642407443
338.5,51.5095218580155,-0.160915395448581,1.25421731528111,-0.0144621757436599
339,51.5095276552196,-0.160914895566041,1.22302103663516,0.0155922358859447
339.5,51.5095328910929,-0.160915382469361,1.2490100521768,-0.00960263435831012
340,51.5095383483886,-0.160915359718163,1.24220294456496,-0.0169171966164258
340.5,51.5095443857864,-0.160916426470883,1.254095714818,0.00473660765407538
341,51.5095493984795,-0.160915762886406,1.24382147705477,0.0260863821061897
341.5,51.509555540221,-0.160915708028535,1.26943062437143,0.000969058075858792
342,51.509561852599,-0.160916914038251,1.27535537271685,-0.0139614362420218
342.5,51.5095672350061,-0.160917142964692,1.24680141652729,-0.00878363523948535
343,51.5095724227899,-0.160916462664061,1.245381578435,-0.00135504289653573
343.5,51.5095781747107,-0.160915724147868,1.2294715856612,0.0118482785616822
344,51.5095846279723,-0.160915635914339,1.22751778704039,-0.0531862899580283
344.5,51.5095898708271,-0.160915699761004,0.972416036217765,-0.0127637506407886
345,51.5095948685405,-0.160915238213528,0.735862766647496,0.0160018440782452
345.5,51.5095983150644,-0.160915536349972,0.490951365259163,0.0106073445633096
346,51.5096003176288,-0.1609154229966,0.236491048444329,0.00911924399382832
346.5,51.5096013381976,-0.16091490277191,0.207345899504391,0.0716975292098396
347,51.5096023359477,-0.160913449016933,0.181284652249427,0.129656633051986
347.5,51.5096034297804,-0.160912459666205,0.163131387723053,0.140749710471704
348,51.5096049110331,-0.16091092309064,0.105283956963278,0.2130549381621
348.5,51.5096059576876,-0.160909310998759,0.064799869332754,0.193209073685334
349,51.5096063877172,-0.160907678500671,-0.0140358269715725,0.256586915277165
349.5,51.5096066390668,-0.160905750970491,-0.0465016042801716,0.225102361293106
350,51.509606101147,-0.160903585368079,-0.108529037468234,0.191563817515975
350.5,51.5096066712739,-0.160902327167881,-0.166066749973202,0.161805059514628
351,51.5096064064393,-0.160901287357365,-0.214361048351027,0.115109811524955
351.5,51.509606165649,-0.16090011970901,-0.240004664057756,0.0522990854640331
352,51.5096049516119,-0.160900518375008,-0.242937721019216,-0.00991676339138955
352.5,51.5096030673672,-0.16090055695089,-0.511933707952281,-0.0125806025356474
353,51.5096002744557,-0.160900759642933,-0.762618705994238,-0.0311512621377169
353.5,51.5095972130718,-0.160900555240321,-1.03987018044675,-0.0208117524818256
354,51.5095927472857,-0.16090084417493,-1.24365816987546,-0.042870651021108
354.5,51.5095867117305,-0.16090209979751,-1.25095021335936,0.0170260967352184
355,51.5095813109309,-0.16090252127173,-1.24139616077178,-0.0113788747356633
355.5,51.5095759757655,-0.160902665469682,-1.25975667818142,0.00176594825254179
356,51.5095700013035,-0.160902839185599,-1.24397877511226,-0.00495026414713111
356.5,51.5095638901997,-0.160903240858013,-1.22968227266553,-0.0173259865715351
357,51.5095573511834,-0.160904056731548,-1.28336169446144,-0.00451557602178461
357.5,51.5095515998021,-0.160904035109922,-1.26377798141061,0.0236768258932568
358,51.5095460731653,-0.160902782567516,-1.27242366196898,0.0368381140776757
358.5,51.5095399105493,-0.160903138893816,-1.26248735577074,0.0380934860236818
359,51.5095339002663,-0.160902871024579,-1.27089951663828,0.0145194173483836
359.5,51.5095273475946,-0.160901217228388,-1.26689282234499,0.0190390139054758
360,51.5095212969847,-0.160901926692648,-1.26661412729635,-0.00216691018965336
360.5,51.5095153780879,-0.160901654560407,-1.26144200372429,-0.00184992758330391
361,51.5095091410526,-0.160902925507298,-1.25615866078216,-0.0171355017361598
361.5,51.5095035621549,-0.160902860653796,-1.25105863047107,-0.0107532528020424
362,51.5094977068922,-0.16090278067447,-1.26613545900767,-0.000575179612456664
362.5,51.5094924823475,-0.160902478173086,-1.24115365544358,-0.00221813321048267
363,51.5094866159044,-0.16090247340061,-1.2709508715703,0.0119019123082158
363.5,51.5094809828564,-0.160901698355834,-1.23310103411522,0.00329159390632861
364,51.5094743717692,-0.160901747788496,-1.23754208836523,-0.00523893820399149
364.5,51.5094685903813,-0.160902391427458,-1.25131771441901,0.00897694961418978
365,51.5094630426974,-0.160901235064072,-1.2641218680307,0.0178436428486275
365.5,51.5094574255346,-0.160901444443092,-1.25400242965357,0.0013250567051427
366,51.5094517995371,-0.160902506583915,-1.29555131560769,0.001410790570691
366.5,51.5094457061275,-0.16090270754579,-1.24972599654758,0.0158965344113697
367,51.5094402283749,-0.160904284316236,-1.2386669927871,0.00749304896002351
367.5,51.5094339352533,-0.160904255663733,-1.25723632608531,0.0478523294648818
368,51.5094282101773,-0.160904316885565,-1.25193158230135,0.0105430679456747
368.5,51.5094222945013,-0.16090406474912,-1.24503519377124,0.00360495328846993
369,51.509416293763,-0.16090470269685,-1.24728115255358,-0.0269501034735268
369.5,51.5094106673344,-0.160905427288318,-1.26030425761416,0.0262561105719245
370,51.5094048320393,-0.160904303830125,-1.23489425134816,0.00715058836434981
370.5,51.5093996679158,-0.160904465977291,-1.22191038199152,0.00448261022272743
371,51.5093940306645,-0.160903990278335,-1.23992275374695,0.00264964817455827
371.5,51.5093882267001,-0.160903692986394,-1.23108828208798,-0.0211584778660238
372,51.5093818063742,-0.160903574026321,-1.24936414217141,0.0054617932527968
372.5,51.509376841778,-0.160903567996394,-1.22262672027597,-0.0175881610115769
373,51.5093717059675,-0.160902817414887,-1.24942769908951,0.0150070646593625
373.5,51.5093659677871,-0.160902596584322,-1.24246452628706,0.03501023193476
374,51.5093602556436,-0.160901347665678,-1.24308912580369,0.0257680820347376
374.5,51.5093549526046,-0.160902316749107,-1.2522773118826,0.0288297111027754
375,51.5093483713622,-0.160903169472405,-1.26259658177962,0.0290418862832116
375.5,51.509342650148,-0.16090378436922,-1.24257710068615,0.0143202353065849
376,51.5093365998388,-0.160902407289904,-1.27617194112919,0.027590140098985
376.5,51.509331008367,-0.160901762279132,-1.27119303530931,0.0303870651888046
377,51.509324754717,-0.160902324168183,-1.23113733850852,-0.0125241828216693
377.5,51.5093189503072,-0.160902276854722,-1.24902245291632,0.0118656442904365
378,51.5093131209477,-0.160903474619536,-1.23454867697377,0.00913524738573301
378.5,51.5093076074697,-0.160904333915663,-1.27531470565654,0.024729721280957
379,51.509302113113,-0.160905357322385,-1.24381976969448,0.0107842124224684
379.5,51.5092962787157,-0.160905427690695,-1.26226249732043,-0.0382834745997689
380,51.5092903926267,-0.160904823943641,-1.24938103880703,-0.0279369817386121
380.5,51.5092847051964,-0.160904224545365,-1.27199537938276,-0.0310649501081464
381,51.5092795869183,-0.160903568415263,-1.24399423009984,-0.0384195881683975
381.5,51.5092745623059,-0.160903328558503,-1.23855855984771,-0.00128162212061543
382,51.5092691079964,-0.160903309852279,-1.25348508914025,-0.0367748009553215
382.5,51.5092644214891,-0.160904165958426,-1.25824657164095,-0.00260205682205426
383,51.5092594839982,-0.160903950641498,-1.24959638321927,-0.0428484384039655
383.5,51.5092546499991,-0.160903064807925,-0.99845519771329,0.00960218955565419
384,51.5092504973837,-0.160903539672459,-0.750692418715542,0.0101541951408327
384.5,51.5092478243424,-0.160903397145552,-0.509628608229278,-0.00536947267456375
385,51.5092459287193,-0.160904286381307,-0.252383280758028,-0.0144239882189753
385.5,51.5092444247018,-0.160904201986012,-0.261560411496594,0.0607917284510724
386,51.5092429669768,-0.160902239704892,-0.219681395290609,0.136931238504087
386.5,51.5092424257179,-0.160900220228745,-0.179129581174834,0.153587554061192
387,51.509241964314,-0.160899723864483,-0.1065176435842,0.223138287539899
387.5,51.5092416295564,-0.160899024105437,-0.0608103440861113,0.252084357548675
388,51.5092416401163,-0.160897703578484,-0.00591323192402326,0.281569950046557
388.5,51.5092417511162,-0.160895320056529,0.0580352812905512,0.244022007323105
389,51.5092420561147,-0.160894527360017,0.105535347349065,0.232936713582202
389.5,51.5092426313712,-0.160894011557933,0.184328813678004,0.149053757953887
390,51.5092436643955,-0.160892616110673,0.194715711382939,0.134244208711076
390.5,51.5092447557296,-0.160893237802506,0.248072985033912,0.0755333857609729
391,51.5092458226801,-0.160892738517981,0.265146695874312,-0.0210752427055461
391.5,51.5092475112582,-0.160892360690192,0.488577659030215,0.0107863797748216
392,51.5092502999067,-0.160893172950187,0.760995480224693,0.0237788360818283
392.5,51.5092546948906,-0.160894062723132,1.00658391369472,-0.00139284345077244
393,51.509259700794,-0.160893909596181,1.25360234381299,-0.0234880724115078
393.5,51.5092658397552,-0.160894180212023,1.25217239523812,-0.00487215736538057
394,51.5092721516727,-0.160894295849435,1.26459418557661,-0.0351094954459671
394.5,51.5092772170268,-0.160894345716918,1.25090804485554,-0.0614077293721232
395,51.5092826973531,-0.160893184523615,1.2249553876697,-0.00888212311597598
395.5,51.5092876659809,-0.160894039567056,1.24608093679388,0.0133408005391236
396,51.5092933762805,-0.160894365676522,1.24605515218732,-0.0298605963908965
396.5,51.5092992845772,-0.16089391253503,1.23150756188283,-0.0102378586685984
397,51.5093044750172,-0.160893867837759,1.24942630259691,-0.0387294289975805
397.5,51.5093095477095,-0.160892869633484,1.22942248523063,-0.027482163305054
398,51.5093156929733,-0.160893349385192,1.25230228864621,-0.0184729974754154
398.5,51.5093215212434,-0.160893401197036,1.2581441662796,-0.0104219289766029
399,51.5093266655181,-0.160892983512141,1.2797863843394,-0.0375795357224166
399.5,51.5093323332379,-0.160893366668776,1.24227334345847,-0.000794433873347523
400,51.5093374943503,-0.160893688490121,1.23470637406415,0.0322039839563147
400.5,51.5093436567892,-0.16089266095074,1.26320807401393,-0.0118010012821513
401,51.509349098774,-0.160893072194195,1.21932043906544,0.0242011142239685
401.5,51.5093541444404,-0.160893741956958,1.26178722958749,-0.00136438441752391
402,51.5093604084564,-0.16089248352952,1.25081439951136,-0.0237229130540495
402.5,51.5093669007887,-0.160893119117795,1.24137293437795,-0.0395823203122338
403,51.5093725123745,-0.16089337686733,1.25705934182068,-0.0493272416919372
403.5,51.5093784555756,-0.160893808630605,1.25455436541722,-0.0559411419502242
404,51.5093835445362,-0.160892282398168,1.24666027386532,-0.0510583098195723
404.5,51.5093884279739,-0.160892994435489,1.25283467738408,-0.0326618011519669
405,51.5093938797146,-0.160892437922533,1.20691331400319,0.0033896713221962
405.5,51.5094002388785,-0.160892608606298,1.24231365071162,-0.0219547564044562
406,51.5094050753282,-0.160893130398366,1.23914652554432,0.0113494695289228
406.5,51.5094109741041,-0.160891844757929,1.23978764895339,0.000692845774031636
407,51.5094163027126,-0.160891749607545,1.23461776056308,-0.0043326446964132
407.5,51.5094218956142,-0.160891693207229,1.24953170165051,-0.00765010033994517
408,51.5094268063442,-0.160890862354566,1.27186373385386,0.00292600782713519
408.5,51.5094324831947,-0.160890530331252,1.24023554987905,0.0239706773055094
409,51.5094380680297,-0.160890945166895,1.22258182198312,0.0085738407798386
409.5,51.5094434083508,-0.160891481796198,1.26528763521781,0.0237538098189376
410,51.5094491306622,-0.16089170046125,1.25610457837338,0.00415795168358365
410.5,51.5094549462522,-0.160890617655886,1.23365740177098,0.0261016801461828
411,51.5094604372472,-0.16089099444368,1.24954939288017,0.022146816177361
411.5,51.5094660449141,-0.16089018029488,1.22963113819005,0.0284519537723685
412,51.5094717658444,-0.160890491116551,1.23769510157119,0.00830479147860828
412.5,51.5094763054938,-0.160890543330189,1.24646592474571,0.0270909488697444
413,51.5094814711382,-0.160889637148832,1.22545839883015,0.0327223096270148
413.5,51.5094871575655,-0.160889519704362,1.2564044119168,0.00127774356467874
414,51.5094926147673,-0.16088981670091,1.23095833731817,0.00887911493252016
414.5,51.5094974544221,-0.160889459694723,1.24049422216155,-0.015946396226787
415,51.5095034901412,-0.160889608427032,1.22960014406185,-0.0149563625083397
415.5,51.5095089223978,-0.160891556133999,1.23691061329498,-0.013906604258017
416,51.5095145490709,-0.160892516745974,1.26977760039891,-0.0337375082639349
416.5,51.5095201876334,-0.160892676180517,1.21118975449604,0.0216267792714383
417,51.5095258652115,-0.160892301253618,1.23920128484353,-0.0288873577531683
417.5,51.5095323174965,-0.160892053359502,1.23359287679634,-0.0496750198607247
418,51.5095383569818,-0.160893621175585,1.25074583864297,-0.0188476380145927
418.5,51.5095441563064,-0.160893862952702,1.24102716502265,-0.0183255945877089
419,51.5095500826384,-0.16089332776404,1.23878171404528,0.0046387501941163
419.5,51.5095563764735,-0.160893207495474,1.23503908628903,0.00814110223655626
420,51.5095609994507,-0.160893099416616,1.23982993904054,-0.0181505348338858
420.5,51.5095659358606,-0.160892535384468,1.22671817015781,0.015208647962675
421,51.5095713795649,-0.160892575661952,1.25836534393647,0.0202440507670879
421.5,51.5095768789446,-0.160892007468686,1.23308110775202,0.0217894170061008
422,51.5095833080903,-0.160891178178054,1.25723277040374,-0.00706454756782856
422.5,51.5095885564109,-0.160891599195508,0.963620080646635,0.00855290046648781
423,51.5095932609611,-0.160891085381057,0.734839887415777,-0.0101932604475187
423.5,51.5095964104121,-0.16089172371701,0.483675192061155,-0.00602616469476172
424,51.5095983173784,-0.160890937779569,0.292068866020328,0.0117703404234796
424.5,51.5095998213562,-0.160890629642491,0.128796017569636,-0.0038498664326579
425,51.5096002632966,-0.160889758452648,-0.000958427258542224,-0.00848703039229658
