0,51.50925442,-0.161045358,-0.016003867,0.047202382,-1.542892291
0.5,51.50924741,-0.161042676,0.146568044,-0.018717423,-3.481012996
1,51.50924791,-0.161044481,0.235523969,0.012886363,-0.863396244
1.5,51.50925066,-0.161044269,0.505505273,-0.015956632,-0.093075318
2,51.50925396,-0.161044195,0.760685337,0.007224742,-0.321202522
2.5,51.5092582,-0.161044492,0.98277166,0.011168637,0.3685794
3,51.50926314,-0.161043889,1.24068888,0.013847287,0.898438994
3.5,51.50926849,-0.16104321,1.236300979,-0.01966502,1.269713201
4,51.50927426,-0.161042738,1.243511337,-0.008312741,-0.406500043
4.5,51.50927966,-0.161042009,1.250723822,-0.002243083,-0.242140714
5,51.50928521,-0.161041614,1.237628219,0.004105166,0.008377419
5.5,51.50929095,-0.161041386,1.264467767,-0.026523406,0.251287635
6,51.50929643,-0.161041077,1.229296261,0.03611106,-0.426147525
6.5,51.5093019,-0.16104043,1.237001289,0.023127964,0.440729142
7,51.50930749,-0.161040017,1.269764145,-0.012702225,0.384426538
7.5,51.50931325,-0.161039565,1.252512007,0.014187066,0.793350909
8,51.5093188,-0.161039043,1.235374222,0.003049696,0.430885052
8.5,51.50932447,-0.161038649,1.256784259,-0.002925005,-0.063341475
9,51.50933011,-0.161038202,1.261836776,0.01747167,-0.321590952
9.5,51.50933582,-0.16103762,1.267133611,0.035334426,1.460076729
10,51.50934141,-0.161037196,1.23341692,0.037729685,2.059601173
10.5,51.50934704,-0.161036956,1.246821255,0.015530844,1.929087367
11,51.50935266,-0.161036797,1.272845393,0.000243612,1.731079441
11.5,51.50935839,-0.161036607,1.253211916,0.034166043,1.273590271
12,51.50936395,-0.161036455,1.259909651,-0.009081898,0.956658052
12.5,51.50936964,-0.161036503,1.239707321,-0.017404931,1.022711513
13,51.50937515,-0.161036561,1.238672818,0.001931278,0.446266828
13.5,51.5093808,-0.16103655,1.24338361,0.010993132,-0.105684425
14,51.50938636,-0.161036475,1.268213156,0.013267256,-0.429813821
14.5,51.50939206,-0.161036572,1.243893582,-0.044215298,-0.155681172
15,51.50939758,-0.161036902,1.252798722,-0.033064762,-0.587668383
15.5,51.5094032,-0.161037087,1.224946578,-0.011131836,-1.769795695
16,51.50940861,-0.161037114,1.215836015,-0.004275435,-2.234038922
16.5,51.50941417,-0.161037105,1.239613021,-0.011032503,-1.774110046
17,51.5094196,-0.161037115,1.208955669,-0.000395003,-1.36031785
17.5,51.50942513,-0.161037096,1.236033944,-0.003237507,-1.389292851
18,51.50943065,-0.161036986,1.249224781,0.005683365,-1.448397476
18.5,51.50943626,-0.161036905,1.230306348,-0.01116045,-1.092638947
19,51.50944173,-0.16103681,1.242832948,0.002989082,-0.730230976
19.5,51.50944738,-0.161036587,1.251630729,0.014931399,-0.439500736
20,51.50945296,-0.161036422,1.257317388,0.011826666,-0.447795364
20.5,51.50945852,-0.161036281,1.241612437,0.00827134,-0.400257578
21,51.50946408,-0.161036076,1.227425711,0.018523333,-0.827924722
21.5,51.50946954,-0.161035789,1.234954344,0.00862509,-0.138856415
22,51.5094751,-0.161035803,1.258867453,-0.027450834,-0.290813967
22.5,51.50948071,-0.161035947,1.24018984,-0.016942239,-0.851331349
23,51.50948634,-0.161036017,1.256288173,-0.021270805,-0.203921303
23.5,51.50949184,-0.16103602,1.205552573,0.026012591,-0.011178227
24,51.50949736,-0.161035923,1.238079524,0.008326286,-0.267310311
24.5,51.50950289,-0.161035864,1.232128821,-0.008573223,-0.430240319
25,51.50950849,-0.161035884,1.251143062,-0.007767696,-0.492957909
25.5,51.50951408,-0.161036087,1.254373788,-0.042707076,-0.623006795
26,51.50951974,-0.161036223,1.271867759,0.005102251,-0.676398455
26.5,51.50952535,-0.161036345,1.250570226,-0.024245892,-1.304609454
27,51.50953089,-0.16103643,1.209952714,-0.008837533,-1.374655475
27.5,51.50953632,-0.161036553,1.238744142,-0.056191904,-0.824787842
28,51.50954194,-0.161036899,1.252568642,-0.030818751,-0.875073029
28.5,51.50954751,-0.161037154,1.240161996,-0.036578871,-0.61471806
29,51.50955312,-0.161037494,1.24724964,-0.046001962,-1.033650955
29.5,51.50955866,-0.161037753,1.241023849,-0.027303049,-0.763887091
30,51.50956427,-0.161037842,1.251473295,-0.005493587,-0.744320727
30.5,51.50956991,-0.161037921,1.251659148,-0.015519215,-1.059222978
31,51.50957551,-0.161037963,1.256087374,-0.013253605,-0.495151686
31.5,51.50958109,-0.161038011,1.232223384,-0.00105418,-0.360264384
32,51.50958661,-0.161038016,1.234730758,-0.019841211,0.578500471
32.5,51.50959155,-0.161038158,0.993393391,-0.01991923,-0.105715742
33,51.50959529,-0.161038286,0.74882135,-0.011111327,-1.353505239
33.5,51.50959804,-0.161038325,0.509538691,-0.024338497,-0.954245599
34,51.50959953,-0.161038375,0.234178039,0.001976109,-0.43648844
34.5,51.50960048,-0.161038066,0.226668992,0.068521074,14.88508497
35,51.50960158,-0.16103727,0.253253571,0.132233611,29.86841585
35.5,51.50960249,-0.161036108,0.173039073,0.177060829,45.03326632
36,51.50960307,-0.16103465,0.104970331,0.214922291,60.54900148
36.5,51.50960338,-0.161032972,0.060349384,0.227066813,75.70997212
37,51.50960349,-0.161031252,0.012578502,0.226247177,90.19485714
37.5,51.50960333,-0.161029626,-0.055414201,0.241887545,104.7144006
38,51.50960286,-0.161027807,-0.132453937,0.232993971,118.8299
38.5,51.50960218,-0.161026424,-0.156114183,0.166296922,132.9588036
39,51.50960128,-0.161025353,-0.231800573,0.12990578,147.0325383
39.5,51.50960024,-0.161024664,-0.218818817,0.071601999,163.0686257
40,51.50959916,-0.161024417,-0.25693444,0.003577031,178.6003085
40.5,51.50959731,-0.161024252,-0.523034318,0.036268624,178.786218
41,51.50959432,-0.161024138,-0.760262661,-0.022311803,178.7132927
41.5,51.50959024,-0.161024147,-1.023432382,0.019294268,180.0638987
42,51.50958499,-0.161024052,-1.253297262,-0.002583568,180.6623489
42.5,51.50957929,-0.161023846,-1.249483897,0.016639235,179.7810986
43,51.5095736,-0.161023698,-1.26164844,0.020728509,179.3120608
43.5,51.50956804,-0.161023686,-1.220502075,-0.003988029,179.8949129
44,51.50956247,-0.161023729,-1.240315689,-0.024986835,179.9408455
44.5,51.50955693,-0.161023773,-1.234993411,0.003140164,180.320564
45,51.50955129,-0.16102359,-1.260602456,0.026590682,180.060898
45.5,51.50954562,-0.161023519,-1.256274839,-0.022219542,180.2439661
46,51.50953991,-0.161023528,-1.262705026,0.007957578,180.5746989
46.5,51.50953436,-0.16102354,-1.209235382,-0.042768967,180.4648592
47,51.50952879,-0.161023729,-1.268474956,-0.028788282,179.9499366
47.5,51.50952316,-0.161023899,-1.237497201,-0.031159498,179.4251205
48,51.50951751,-0.1610241,-1.252379846,-0.029202508,179.5304521
48.5,51.50951183,-0.16102417,-1.273002923,0.004118242,180.0390773
49,51.50950617,-0.161024223,-1.236562752,-0.031004784,180.2353714
49.5,51.50950059,-0.161024066,-1.263593292,0.040936155,178.8861479
50,51.50949484,-0.16102398,-1.276160279,-0.002816195,179.2358256
50.5,51.50948924,-0.161023867,-1.244942435,0.01629616,178.7793564
51,51.50948351,-0.161023718,-1.28538002,0.0036041,178.3975563
51.5,51.50947788,-0.161023728,-1.249477082,0.008426208,178.9042709
52,51.50947229,-0.161023617,-1.238753499,0.019354336,179.6906408
52.5,51.50946672,-0.161023444,-1.240750749,0.006715208,179.6164868
53,51.50946113,-0.161023459,-1.237647576,-0.011386416,180.3098336
53.5,51.50945555,-0.161023502,-1.270775967,0.007703078,180.9132754
54,51.50944982,-0.16102345,-1.261212325,-0.009034443,181.044657
54.5,51.50944423,-0.161023461,-1.261763038,-0.008273509,181.23134
55,51.50943847,-0.161023377,-1.27457253,0.002061596,180.4918995
55.5,51.50943286,-0.161023265,-1.239689844,0.027424097,179.6800217
56,51.50942721,-0.161023184,-1.266943452,-0.01064004,178.8465477
56.5,51.50942157,-0.161023116,-1.241073382,0.018041973,178.6702936
57,51.50941603,-0.161023019,-1.242884729,0.004676331,178.3110253
57.5,51.50941037,-0.16102283,-1.254100116,0.036524479,178.344729
58,51.50940479,-0.161022332,-1.264345737,0.070162885,176.9018856
58.5,51.50939912,-0.161021969,-1.258991415,0.02589991,177.4654344
59,51.50939343,-0.161021878,-1.275862822,0.009565647,178.2369841
59.5,51.50938773,-0.16102168,-1.253209278,0.020232379,178.2964875
60,51.50938213,-0.161021539,-1.26491353,0.01939749,179.1813148
60.5,51.50937641,-0.161021451,-1.255262134,-0.008864774,179.696424
61,51.50937085,-0.161021501,-1.238504182,-0.029852481,179.3322519
61.5,51.50936533,-0.161021767,-1.237985066,-0.037766231,180.2382334
62,51.50935968,-0.16102198,-1.258378809,-0.025520101,180.5370475
62.5,51.50935405,-0.161022037,-1.263053074,-0.005037182,179.9398924
63,51.50934839,-0.161022246,-1.247263334,-0.038303951,180.967702
63.5,51.50934277,-0.16102236,-1.282163324,-0.001725267,180.7699814
64,51.50933706,-0.161022498,-1.244463542,-0.039752489,180.801595
64.5,51.50933152,-0.161022716,-1.236394782,-0.017238568,180.4979819
65,51.50932582,-0.161022741,-1.270077561,0.00409838,179.5263743
65.5,51.50932024,-0.161022577,-1.238974789,0.046879433,179.3674495
66,51.50931458,-0.161022252,-1.262656971,0.052073502,179.4379939
66.5,51.5093089,-0.161022034,-1.27339753,0.012011131,180.0576729
67,51.50930328,-0.161021975,-1.223097084,0.002707658,180.401091
67.5,51.50929782,-0.161021968,-1.232029576,-0.002048141,180.1394159
68,51.50929224,-0.161022027,-1.224408876,0.004598802,180.3532334
68.5,51.50928678,-0.161022051,-1.228451104,-0.001918708,180.3808278
69,51.5092811,-0.161022019,-1.256501126,-0.004844751,179.8965991
69.5,51.50927557,-0.161022098,-1.251680566,-0.000261999,179.7482631
70,51.50926982,-0.161022073,-1.264777234,0.008731586,179.6118969
70.5,51.50926426,-0.161021964,-1.253611299,0.006083708,179.985967
71,51.50925859,-0.161021873,-1.260560359,0.00843499,179.3423819
71.5,51.5092536,-0.161021972,-0.979356881,-0.021490794,179.4868946
72,51.50924986,-0.16102195,-0.752162288,0.014876706,178.8995483
72.5,51.50924715,-0.161021821,-0.494033512,0.010379464,178.0295876
73,51.50924555,-0.161021796,-0.263295327,0.007787965,177.9653352
73.5,51.50924458,-0.16102143,-0.211535645,0.082596271,163.1295884
74,51.50924362,-0.161020654,-0.21797459,0.118194779,148.0316166
74.5,51.50924286,-0.161019642,-0.156589674,0.154984209,133.6408974
75,51.50924218,-0.161018092,-0.141703156,0.25299523,118.6273422
75.5,51.5092418,-0.161016188,-0.043663641,0.242687324,103.227035
76,51.50924178,-0.161014458,0.018294571,0.261397019,88.23660823
76.5,51.50924198,-0.161012545,0.064133554,0.233016484,74.31286366
77,51.50924247,-0.161010943,0.131841111,0.23103007,59.69728795
77.5,51.50924316,-0.16100949,0.161330748,0.183579463,44.75376492
78,51.50924405,-0.161008281,0.214446248,0.155468265,29.9290623
78.5,51.50924502,-0.1610075,0.219691248,0.06568514,15.26090142
79,51.50924599,-0.161007297,0.229456651,-0.00138818,0.823290177
79.5,51.5092477,-0.161007267,0.497028262,-0.00018609,0.458383479
80,51.50925056,-0.161007272,0.747300592,-0.011169732,-0.18799366
80.5,51.50925461,-0.161007278,1.005984882,0.004908743,-0.142542032
81,51.50925977,-0.161007386,1.243837834,-0.041696271,-0.204086917
81.5,51.50926542,-0.161007619,1.24370006,-0.025402429,0.015921696
82,51.50927105,-0.161007789,1.260088707,-0.020671538,0.350089483
82.5,51.50927669,-0.161007932,1.269326542,-0.021350556,0.315593006
83,51.50928241,-0.161008046,1.25562994,-0.00143137,-0.357891042
83.5,51.50928797,-0.16100799,1.235670662,0.005451909,-0.338662798
84,51.50929363,-0.161008064,1.271425774,-0.047070617,0.165060602
84.5,51.50929934,-0.161008319,1.258714726,-0.029490996,0.018044306
85,51.509305,-0.161008383,1.261826419,0.003461793,-0.134776544
85.5,51.50931065,-0.161008284,1.244054086,0.023125892,0.077276764
86,51.50931624,-0.161008083,1.250946601,0.0286326,0.013985459
86.5,51.50932185,-0.161007875,1.235445928,0.015630538,-0.128283665
87,51.50932736,-0.161007916,1.220611516,-0.008273519,-1.285443455
87.5,51.50933294,-0.161008156,1.248731624,-0.060914862,-1.13915704
88,51.5093386,-0.161008438,1.267238368,-0.03782896,-0.481228219
88.5,51.50934424,-0.161008708,1.246733759,-0.036024586,0.009494447
89,51.50934987,-0.161008911,1.266353301,-0.008455216,-0.237739172
89.5,51.50935558,-0.161009045,1.256434583,-0.025909919,0.094912527
90,51.50936113,-0.161008994,1.239862954,0.026461558,0.899438114
90.5,51.50936677,-0.161008953,1.239841017,-0.01703186,0.731261469
91,51.50937235,-0.161009037,1.263173781,0.002316021,0.485150367
91.5,51.50937796,-0.161009121,1.233814433,-0.034037887,0.104594189
92,51.50938351,-0.161009238,1.242789547,0.000658025,-0.518745727
92.5,51.50938914,-0.161009325,1.242305454,-0.034621002,-0.420541231
93,51.50939471,-0.161009463,1.2455155,-0.013574841,-0.687084865
93.5,51.50940036,-0.16100949,1.243748882,0.004312351,-0.528830759
94,51.50940601,-0.161009306,1.275328153,0.02382771,0.311773834
94.5,51.50941169,-0.161009189,1.243073311,0.008312799,0.896844678
95,51.50941728,-0.161008954,1.247861674,0.050978326,1.441199827
95.5,51.50942295,-0.161008843,1.263143084,-0.014647114,0.671859491
96,51.50942854,-0.161008929,1.228554531,-0.011912954,0.110586897
96.5,51.50943416,-0.161008851,1.245433193,0.022062434,0.294848754
97,51.50943975,-0.161008611,1.237118001,0.028125239,1.038740516
97.5,51.50944544,-0.161008448,1.292902973,0.007541827,1.23549283
98,51.50945118,-0.161008325,1.257092788,0.023061949,1.578500178
98.5,51.50945677,-0.161008125,1.228658161,0.025204252,1.795357621
99,51.50946235,-0.161007824,1.233030627,0.052062891,1.827618925
99.5,51.50946785,-0.16100742,1.234739703,0.054571688,1.536050945
100,51.5094735,-0.161007303,1.258885697,-0.016457743,0.463849955
100.5,51.509479,-0.161007254,1.240506183,0.02179514,0.280888959
101,51.50948475,-0.161007259,1.248836025,-0.028907326,-0.14110719
101.5,51.50949014,-0.161007311,1.221062607,0.010467525,0.19864045
102,51.50949578,-0.161007252,1.245664213,0.008635142,0.205445882
102.5,51.5095014,-0.161007362,1.270422601,-0.016965236,-0.326666397
103,51.50950703,-0.161007239,1.239553455,0.047992683,-0.110826735
103.5,51.50951263,-0.161007194,1.273975277,-0.025487807,-0.99075236
104,51.50951838,-0.161007414,1.267658022,-0.032057838,-1.484311092
104.5,51.50952389,-0.161007601,1.22071987,-0.029451628,-1.773525174
105,51.5095295,-0.161007802,1.257168036,-0.030052891,-1.493275108
105.5,51.5095351,-0.161008038,1.271251227,-0.032303493,-1.790382152
106,51.50954084,-0.16100819,1.264241719,-0.003513355,-1.448285175
106.5,51.50954645,-0.161008213,1.240605934,-0.005630268,-1.587801159
107,51.509552,-0.16100819,1.236076791,0.001497197,-0.710330516
107.5,51.50955761,-0.161008143,1.266203098,0.01078748,-0.877170228
108,51.50956322,-0.161008079,1.266605875,0.004301716,-0.912392238
108.5,51.50956905,-0.161008125,1.282561221,-0.014605679,-2.098291805
109,51.50957469,-0.161008241,1.268495054,-0.015291876,-2.41100965
109.5,51.50958041,-0.161008262,1.257277065,-0.006170397,-2.09796327
110,51.50958599,-0.161008429,1.27810925,-0.044254889,-2.497476511
110.5,51.50959119,-0.16100866,1.027004799,-0.021448903,-2.366849813
111,51.50959506,-0.161008805,0.766855709,-0.012565737,-2.865377911
111.5,51.50959781,-0.161008883,0.499525671,-0.000167026,-2.901412921
112,51.50959933,-0.161008921,0.245028413,-0.011896515,-2.546340801
112.5,51.50960036,-0.161008687,0.215289989,0.064279966,12.63422425
113,51.50960126,-0.161007896,0.218934759,0.152606238,28.31337698
113.5,51.50960206,-0.161006581,0.125293726,0.207115278,43.98625336
114,51.50960257,-0.161005148,0.130587977,0.187649581,60.31290626
114.5,51.50960298,-0.161003454,0.051488416,0.254731064,75.04506254
115,51.50960297,-0.161001742,-0.017935012,0.258154537,90.15545872
115.5,51.50960278,-0.160999969,-0.063003881,0.223091629,104.7051742
116,51.5096023,-0.1609985,-0.122438941,0.207601236,119.0962915
116.5,51.50960164,-0.160997039,-0.166224262,0.196351011,133.6719037
117,51.50960071,-0.160995887,-0.211214508,0.1226198,148.6979386
117.5,51.50959972,-0.160995307,-0.256020456,0.065424554,163.4287537
118,51.50959852,-0.160994983,-0.244286498,0.015651394,178.5462496
118.5,51.50959689,-0.160994925,-0.497211263,0.010717302,178.9445097
119,51.50959391,-0.160994765,-0.772016798,0.021591499,179.1309029
119.5,51.50958983,-0.160994531,-1.0043428,0.053549468,178.5061147
120,51.50958467,-0.160994299,-1.225668801,0.017579186,178.2280921
120.5,51.50957913,-0.160994293,-1.253207518,0.002905477,179.0210071
121,51.50957342,-0.160994327,-1.260121437,-0.013400966,179.1630465
121.5,51.50956782,-0.160994257,-1.263154007,0.039002228,179.3562773
122,51.50956221,-0.160994057,-1.235091428,0.014041004,179.6978796
122.5,51.50955662,-0.160993979,-1.252857249,0.011366676,180.5514467
123,51.50955095,-0.160994096,-1.252684831,-0.037483958,181.5264433
123.5,51.50954536,-0.160994289,-1.238066861,-0.015036125,181.181711
124,51.50953977,-0.160994479,-1.261672817,-0.019904468,181.7438899
124.5,51.50953411,-0.160994702,-1.254776324,-0.0342113,181.9778899
125,51.50952851,-0.160995032,-1.245333468,-0.05302963,181.8623012
125.5,51.5095229,-0.160995321,-1.253684527,-0.012632437,181.2899208
126,51.50951726,-0.160995301,-1.251473254,0.005782456,180.3416174
126.5,51.50951162,-0.160995087,-1.27038043,0.035007806,178.9408062
127,51.50950598,-0.160995026,-1.227218796,-2.83E-05,178.5151393
127.5,51.50950053,-0.160994976,-1.213844168,0.019734077,177.8292847
128,51.50949498,-0.160994966,-1.2333171,-0.009195332,178.268628
128.5,51.50948942,-0.160994864,-1.242127112,0.035040807,178.6892876
129,51.50948377,-0.160994696,-1.25646282,0.00669097,179.3260764
129.5,51.50947825,-0.160994821,-1.225188885,-0.018618705,180.1910194
130,51.50947263,-0.160994912,-1.268072316,-0.014634211,180.3573545
130.5,51.50946695,-0.160994989,-1.272507979,-0.009670809,180.1616961
131,51.50946123,-0.160995082,-1.259375235,-0.017947693,180.1450879
131.5,51.50945566,-0.160995247,-1.242622546,-0.019511592,180.3178697
132,51.50944995,-0.160995303,-1.267843745,-0.005421761,180.086118
132.5,51.50944438,-0.160995207,-1.242198877,0.024922434,179.7120288
133,51.50943871,-0.160994998,-1.256593376,0.032371606,179.1553965
133.5,51.50943317,-0.160994697,-1.246767432,0.052602746,179.5570489
134,51.50942746,-0.160994297,-1.269193577,0.054320859,179.7457432
134.5,51.50942191,-0.160993892,-1.229398881,0.042116593,179.4811709
135,51.50941634,-0.160993662,-1.21837596,0.02393813,179.7612177
135.5,51.50941084,-0.160993606,-1.238809145,-0.009643006,180.4066876
136,51.50940519,-0.160993595,-1.256092101,-0.003055193,181.2138364
136.5,51.50939956,-0.160993491,-1.261534658,0.018680384,180.1610054
137,51.50939383,-0.160993358,-1.254598218,0.023260562,179.9152477
137.5,51.50938825,-0.16099317,-1.244137165,0.022630282,179.8719548
138,51.50938269,-0.160993052,-1.228794989,0.007608691,180.0438608
138.5,51.50937713,-0.160992918,-1.252354193,0.029675907,179.7538506
139,51.50937158,-0.160992697,-1.240151444,0.030330887,179.7512471
139.5,51.50936605,-0.160992476,-1.239087474,0.025359016,179.7891071
140,51.50936041,-0.160992255,-1.272627414,0.029321431,180.0711291
140.5,51.50935477,-0.160992097,-1.274197594,0.025426536,180.4226139
141,51.50934911,-0.160991837,-1.238375244,0.032146206,179.751772
141.5,51.5093436,-0.160991808,-1.235165512,-0.021503138,179.8967222
142,51.509338,-0.160991887,-1.266917838,-0.006515816,179.584677
142.5,51.50933232,-0.160991807,-1.262195114,0.021647391,179.4666239
143,51.5093266,-0.160991809,-1.260093756,-0.01170924,179.810165
143.5,51.50932107,-0.160991939,-1.249032549,-0.015181917,180.5786585
144,51.50931547,-0.16099197,-1.224660561,-0.001850207,180.7820859
144.5,51.5093099,-0.160991865,-1.264173239,0.011481291,180.1220537
145,51.50930429,-0.160991708,-1.244922406,0.028342771,179.2087198
145.5,51.50929863,-0.160991631,-1.251340052,-0.002114443,179.3664208
146,51.509293,-0.160991539,-1.270189463,0.035464042,180.0816941
146.5,51.50928733,-0.160991454,-1.249971232,-0.015544039,179.6320164
147,51.50928177,-0.160991431,-1.226001452,0.021254838,179.6457518
147.5,51.50927608,-0.160991315,-1.281631355,0.015793052,180.1151855
148,51.50927045,-0.160991116,-1.257509532,0.036659501,180.3385572
148.5,51.5092647,-0.160990914,-1.276396288,0.010973287,179.9278894
149,51.50925904,-0.160990808,-1.269031822,0.019835899,180.0251997
149.5,51.50925388,-0.160990691,-1.022274392,0.010477454,180.2046487
150,51.50925002,-0.160990596,-0.760550513,0.011443954,180.218874
150.5,51.50924731,-0.160990641,-0.496530495,-0.022200603,180.4109521
151,51.50924572,-0.160990852,-0.252669648,-0.04069069,180.4580589
151.5,51.50924467,-0.160990809,-0.230485954,0.041947479,165.3731224
152,51.50924371,-0.1609901,-0.206174676,0.14772827,150.8630366
152.5,51.50924288,-0.160989018,-0.167737486,0.153402188,136.3702519
153,51.50924222,-0.16098766,-0.127770393,0.216299281,122.1986058
153.5,51.50924182,-0.160986059,-0.066107547,0.233357954,106.539152
154,51.50924165,-0.160984313,-0.008626298,0.227921131,91.23014723
154.5,51.5092418,-0.16098261,0.049496584,0.252498169,75.62897563
155,51.5092422,-0.160980877,0.122382613,0.216979464,60.64932778
155.5,51.50924285,-0.16097958,0.163840673,0.17368394,45.10881275
156,51.50924378,-0.160978405,0.220080162,0.125485361,30.83043625
156.5,51.50924475,-0.160977799,0.212551354,0.063956987,16.02377501
157,51.5092458,-0.160977505,0.251285325,0.005962964,0.438599761
157.5,51.50924754,-0.160977532,0.502392658,-0.018090962,0.486186553
158,51.50925041,-0.160977636,0.747317385,-0.029198075,0.446644564
158.5,51.50925451,-0.16097785,1.019849708,-0.026636776,-0.111607502
159,51.50925963,-0.16097796,1.245750684,-0.013915631,-0.047317883
159.5,51.50926534,-0.160977958,1.241992795,0.000186545,0.82973194
160,51.5092709,-0.160978008,1.257240042,-0.024499638,1.098857327
160.5,51.50927658,-0.160978095,1.256657999,0.002987375,0.655251716
161,51.50928215,-0.160977976,1.259274561,0.015352802,0.151646812
161.5,51.50928776,-0.160977793,1.240646546,0.018248981,0.187499534
162,51.5092933,-0.16097761,1.232253645,0.018338748,0.644608052
162.5,51.50929888,-0.1609775,1.256688882,0.012064728,0.367578091
163,51.50930454,-0.160977529,1.259704673,-0.016979864,0.146047047
163.5,51.50931016,-0.160977491,1.23876063,0.019446701,0.426266955
164,51.50931577,-0.160977509,1.271025732,-0.015915553,0.481037023
164.5,51.50932143,-0.160977514,1.258546822,-0.002116307,1.164062459
165,51.50932708,-0.160977501,1.256374346,-0.003640672,1.485568374
165.5,51.50933274,-0.160977488,1.258401829,0.007187019,1.782187257
166,51.50933836,-0.16097741,1.268471126,0.021924764,2.019394555
166.5,51.5093441,-0.160977357,1.263532959,0.000758511,1.672284048
167,51.50934969,-0.160977262,1.241609839,0.026748939,1.358174712
167.5,51.50935528,-0.160977118,1.232910452,0.002143891,1.085692749
168,51.50936086,-0.160977028,1.261405819,0.013130588,1.519774623
168.5,51.50936649,-0.160977077,1.249947501,-0.011791456,1.322249939
169,51.50937213,-0.160977233,1.263539657,-0.028887273,0.226007166
169.5,51.50937772,-0.160977344,1.242495565,-0.008673553,0.159312882
170,51.50938329,-0.160977421,1.233195806,-0.005959528,-0.389671757
170.5,51.50938882,-0.160977471,1.250765779,-0.012365367,-0.396671209
171,51.50939442,-0.160977469,1.224618343,-0.000619686,-0.365501278
171.5,51.50939982,-0.160977527,1.219283809,-0.013121684,-0.393750635
172,51.50940543,-0.16097758,1.240677248,-0.006470204,0.026711041
172.5,51.50941095,-0.160977579,1.234429995,0.000443771,0.296309438
173,51.50941655,-0.160977471,1.22998835,0.033945548,0.584598905
173.5,51.50942206,-0.160977316,1.243951652,0.001253708,1.270863674
174,51.5094277,-0.160977267,1.256721419,0.017254809,1.136548295
174.5,51.50943337,-0.160977149,1.260545497,0.018909753,0.953112193
175,51.50943896,-0.160977097,1.227742971,-0.013418844,0.466818257
175.5,51.50944455,-0.160977148,1.265117187,-0.008551927,0.699892988
176,51.50945024,-0.160977019,1.258678491,0.037670528,0.839716451
176.5,51.50945586,-0.160976923,1.26522622,-0.011126545,0.584234927
177,51.50946158,-0.160976871,1.234769106,0.012506152,0.439633191
177.5,51.50946707,-0.160976698,1.236049226,0.039026297,0.849518135
178,51.50947276,-0.160976519,1.26035529,0.026579616,0.289172272
178.5,51.50947833,-0.160976309,1.254147688,0.021789578,-0.436909135
179,51.50948394,-0.160976031,1.228988688,0.038534633,-0.681224184
179.5,51.50948944,-0.160975808,1.227233494,0.023328972,-0.640655881
180,51.50949498,-0.160975743,1.240967035,-0.004866578,-0.700136452
180.5,51.50950051,-0.160975722,1.237785843,0.01283471,-0.639074332
181,51.50950611,-0.160975649,1.226453995,0.003917519,-0.573629934
181.5,51.5095116,-0.160975657,1.238272967,-0.014437023,-0.960736975
182,51.50951724,-0.160975727,1.254813293,-0.005179227,-0.821462758
182.5,51.50952276,-0.160975757,1.244190144,-0.00943495,-0.60695188
183,51.50952842,-0.160975693,1.247888814,0.021283546,-0.681414754
183.5,51.50953397,-0.160975632,1.255663609,0.002570175,-1.100387792
184,51.50953955,-0.160975602,1.23023644,-0.004958333,-1.16197446
184.5,51.50954504,-0.16097554,1.223283701,0.008416677,-1.13305545
185,51.50955063,-0.160975578,1.265243714,-0.025493226,-1.120043689
185.5,51.50955631,-0.160975837,1.255170077,-0.047954405,-0.906511491
186,51.50956195,-0.160976028,1.251858519,-0.012945887,-0.749939082
186.5,51.50956757,-0.160976051,1.244826399,-0.001020657,-1.073558107
187,51.50957315,-0.160976082,1.220300446,-0.012045304,-1.681940136
187.5,51.5095787,-0.160976107,1.27470478,-0.008304719,-0.917421954
188,51.50958446,-0.160976104,1.267934375,0.002771796,-0.26614111
188.5,51.50958946,-0.160976063,1.006306479,-0.003027573,0.185633912
189,51.50959339,-0.160976044,0.759117929,0.006791996,0.686464651
189.5,51.50959607,-0.160976058,0.489179613,-0.012752834,1.544352977
190,51.50959763,-0.160976198,0.236830143,-0.027085368,2.389108738
190.5,51.50959872,-0.160976035,0.262202615,0.057589145,16.65266819
191,51.50959976,-0.160975322,0.215558161,0.133461591,31.17398446
191.5,51.50960068,-0.160974089,0.167531636,0.180470502,45.45986951
192,51.5096013,-0.160972567,0.131956941,0.231614693,60.88760925
192.5,51.50960181,-0.160970787,0.0890476,0.239720958,75.83941965
193,51.50960201,-0.160969116,0.021230022,0.231122187,90.79515538
193.5,51.50960191,-0.160967322,-0.066894572,0.235179186,105.8681181
194,51.50960145,-0.160965776,-0.139113576,0.219660351,120.8380097
194.5,51.50960071,-0.160964189,-0.180438407,0.184229825,135.0571213
195,51.50959989,-0.160963184,-0.198401879,0.12026788,149.4110925
195.5,51.50959883,-0.160962265,-0.256979712,0.100743607,163.7815869
196,51.50959772,-0.160961941,-0.246657012,-0.000111144,178.2194845
196.5,51.50959595,-0.160961833,-0.508499802,0.009839182,177.6453679
197,51.50959306,-0.160961781,-0.753721897,0.016142227,177.9359778
197.5,51.50958905,-0.160961678,-1.009257561,0.00299184,178.8990865
198,51.50958382,-0.16096162,-1.275580889,0.007616121,179.0490042
198.5,51.50957805,-0.16096148,-1.269999185,0.024234772,179.3979412
199,51.50957247,-0.160961539,-1.235090113,-0.024972018,180.4743183
199.5,51.50956682,-0.160961637,-1.250288492,-0.018732346,180.2479987
200,51.50956132,-0.160961644,-1.238901306,0.010438396,180.2535265
200.5,51.50955563,-0.160961635,-1.2704762,-0.002913417,179.9283802
201,51.50954995,-0.160961515,-1.274676659,0.021735625,179.7315707
201.5,51.50954425,-0.160961393,-1.257096426,0.026853984,179.7361786
202,51.50953864,-0.160961204,-1.253284512,0.022024316,179.4035378
202.5,51.50953295,-0.16096101,-1.264639524,0.028615515,179.6862194
203,51.50952733,-0.160960919,-1.261416839,0.002086964,180.0584693
203.5,51.50952167,-0.160960866,-1.263454451,0.010715887,180.2234987
204,51.50951601,-0.160960745,-1.252894407,0.025793356,180.3598287
204.5,51.50951045,-0.160960478,-1.242824923,0.033587376,180.1865439
205,51.50950482,-0.160960266,-1.239243936,0.017927646,179.9806345
205.5,51.50949928,-0.160960159,-1.253620722,0.007442412,180.3556679
206,51.5094936,-0.160960143,-1.269731013,-0.009238382,180.9639992
206.5,51.50948805,-0.160960238,-1.227236138,-0.017265425,181.0418935
207,51.50948246,-0.160960356,-1.236542935,-0.022455196,181.3224486
207.5,51.50947692,-0.160960437,-1.238038478,-0.021953458,181.3896923
208,51.50947135,-0.160960504,-1.244660269,-0.006888461,181.7896867
208.5,51.50946575,-0.160960669,-1.238242811,-0.039602446,180.9706213
209,51.50946023,-0.160960795,-1.250311845,0.003296782,180.6456887
209.5,51.5094545,-0.160960837,-1.264890892,-0.006123745,181.0115151
210,51.50944887,-0.160960736,-1.263955295,0.026441655,180.9099985
210.5,51.50944309,-0.160960465,-1.252592471,0.04047256,180.7000436
211,51.50943761,-0.16096035,-1.252038703,-0.005187175,181.4274939
211.5,51.50943181,-0.160960164,-1.265706028,0.040097571,181.0609727
212,51.50942624,-0.160960013,-1.251236719,-0.007569703,181.3216277
212.5,51.50942059,-0.160960015,-1.252059878,0.001004905,181.2340707
213,51.50941499,-0.160960133,-1.244559029,-0.051787921,181.3611466
213.5,51.50940945,-0.160960391,-1.23462298,-0.004327148,181.4790001
214,51.50940377,-0.160960318,-1.264797925,0.004162803,180.8146632
214.5,51.50939818,-0.160960267,-1.24385256,0.012455,180.6695687
215,51.50939261,-0.160960227,-1.224850283,0.00462729,181.0119971
215.5,51.50938713,-0.16096016,-1.239484484,-0.009638096,180.5506838
216,51.50938152,-0.160960252,-1.244727118,-0.019982499,180.650413
216.5,51.50937594,-0.160960362,-1.265029299,-0.010554617,180.7810581
217,51.50937033,-0.160960427,-1.237213346,-0.02613323,180.2252117
217.5,51.50936474,-0.160960509,-1.256412469,-0.005239354,179.2849048
218,51.50935918,-0.160960493,-1.241106211,0.014819342,178.8795885
218.5,51.50935351,-0.160960523,-1.242402844,-0.022769849,179.3250331
219,51.50934798,-0.160960483,-1.264909527,0.018661267,179.0420777
219.5,51.50934224,-0.16096037,-1.265876957,0.008391744,179.6853601
220,51.5093367,-0.160960371,-1.232527616,-0.017495045,179.9531514
220.5,51.50933102,-0.160960338,-1.274714791,0.015977897,180.0172935
221,51.50932547,-0.160960324,-1.231083674,-0.011495368,180.270524
221.5,51.50931989,-0.16096041,-1.238356819,-0.009382978,180.4339732
222,51.50931428,-0.160960296,-1.253751399,0.023797015,179.2921469
222.5,51.50930872,-0.160960222,-1.247066763,-0.004902431,179.5476029
223,51.50930314,-0.160960306,-1.242335305,-0.012208945,179.4877626
223.5,51.5092976,-0.160960376,-1.240392178,-0.017484965,179.5861716
224,51.509292,-0.1609605,-1.262129159,-0.013199837,179.9484064
224.5,51.5092864,-0.160960531,-1.247872116,-0.004635354,180.1141843
225,51.50928072,-0.160960492,-1.261392287,0.005834305,179.4687819
225.5,51.50927514,-0.160960531,-1.241910433,-0.002684648,180.1703393
226,51.50926947,-0.160960573,-1.265264216,-0.005712164,179.9138444
226.5,51.50926389,-0.160960615,-1.24934325,-0.003349006,180.2182764
227,51.50925822,-0.160960667,-1.260985186,-0.009123818,180.3641477
227.5,51.50925324,-0.160960591,-1.002036384,0.020928234,180.6828981
228,51.50924934,-0.160960519,-0.762203916,0.005842885,180.9743243
228.5,51.50924665,-0.16096051,-0.513283014,0.001272155,181.178541
229,51.509245,-0.16096058,-0.255950282,-0.019833085,181.0135386
229.5,51.509244,-0.160960249,-0.225365916,0.091210768,165.5743025
230,51.50924298,-0.160959417,-0.228135793,0.136722748,150.6330031
230.5,51.50924204,-0.160958268,-0.205047805,0.179165196,135.749789
231,51.50924135,-0.160956782,-0.10552225,0.23089747,120.67243
231.5,51.50924099,-0.160955053,-0.067760896,0.243300063,106.1222963
232,51.50924089,-0.160953352,0.001266198,0.250745422,90.79360034
232.5,51.50924105,-0.160951449,0.058371679,0.265063997,75.50732124
233,51.50924152,-0.160949758,0.129221335,0.213833039,60.21767346
233.5,51.5092422,-0.160948358,0.162903791,0.184233819,45.22430751
234,51.50924307,-0.160947256,0.21386691,0.123362489,30.33673026
234.5,51.50924412,-0.160946581,0.228706148,0.069257533,15.23224921
235,51.5092452,-0.160946472,0.232655053,-0.022431816,-0.204683937
235.5,51.50924689,-0.160946565,0.500826034,-0.00964201,0.229938461
236,51.50924985,-0.160946548,0.769472485,0.003630527,0.850510113
236.5,51.50925394,-0.160946585,1.016431338,-0.013988936,1.159068753
237,51.5092592,-0.160946593,1.260553627,0.014111586,1.130195976
237.5,51.50926487,-0.160946528,1.245959534,0.009617551,0.146957394
238,51.50927049,-0.160946398,1.241765935,0.027316959,0.174259981
238.5,51.50927612,-0.160946246,1.244865676,0.011628598,-0.314021263
239,51.50928171,-0.160946341,1.235451483,-0.042955076,-0.374785102
239.5,51.50928731,-0.160946611,1.244565414,-0.023241575,-0.907196713
240,51.50929288,-0.160946807,1.242532805,-0.024367396,-1.446789083
240.5,51.50929852,-0.160946893,1.249242711,-0.004611519,-1.426841779
241,51.50930411,-0.16094685,1.23697547,0.001102344,-0.548198439
241.5,51.50930973,-0.160946753,1.257027902,0.000500944,-0.083929457
242,51.50931531,-0.160946761,1.221707967,0.001688975,0.27868759
242.5,51.50932089,-0.160946653,1.246754577,0.035188141,0.194571835
243,51.50932651,-0.160946462,1.254626693,0.011218555,0.036456857
243.5,51.50933218,-0.160946477,1.257366205,-0.028219432,-0.137139178
244,51.50933775,-0.160946544,1.244335558,0.008461899,-0.244201477
244.5,51.50934342,-0.160946551,1.235428172,0.003334884,-0.260699599
245,51.5093489,-0.160946576,1.249174754,-0.008160789,-0.0634373
245.5,51.5093546,-0.160946682,1.255633058,-0.035057733,0.232229329
246,51.50936009,-0.160946776,1.214247517,0.023348632,-0.048633316
246.5,51.50936562,-0.160946723,1.234072308,-0.006231173,-0.057755606
247,51.50937119,-0.160946682,1.248461429,0.002592978,-0.164466445
247.5,51.50937682,-0.160946663,1.225262593,0.007186447,-0.640126696
248,51.50938233,-0.160946636,1.245311169,-0.010438649,-0.520866256
248.5,51.50938788,-0.160946733,1.215643608,-0.007400792,-1.004332003
249,51.50939341,-0.160946856,1.252299488,-0.014064901,-1.546249885
249.5,51.50939904,-0.160946996,1.232796235,-0.027044604,-1.677280827
250,51.50940458,-0.1609472,1.249293668,-0.027752291,-1.993543644
250.5,51.50941017,-0.160947449,1.226487557,-0.030412821,-1.923709391
251,51.50941575,-0.160947693,1.237758754,-0.036478991,-1.863179045
251.5,51.50942134,-0.160947951,1.254460959,-0.028981261,-1.376996177
252,51.50942702,-0.160948173,1.250466218,-0.021161649,-1.593663364
252.5,51.50943262,-0.160948257,1.25231232,-0.006444485,-1.426618562
253,51.50943823,-0.160948306,1.226622135,-0.013533824,-0.929386727
253.5,51.50944377,-0.160948292,1.234803252,0.010299569,-0.687541407
254,51.50944943,-0.16094837,1.281006455,-0.027690062,-0.889805897
254.5,51.50945513,-0.160948513,1.252167791,-0.023893629,-0.280214324
255,51.50946077,-0.160948573,1.242978361,-0.003493114,0.558554685
255.5,51.50946635,-0.160948664,1.253014429,-0.014219448,0.854610835
256,51.50947205,-0.160948744,1.257675711,-0.001332032,0.625617426
256.5,51.50947762,-0.160948682,1.245383339,0.026377449,0.027905835
257,51.50948326,-0.160948616,1.260028698,-0.002061796,-0.38972648
257.5,51.50948887,-0.160948524,1.24204055,0.016821746,0.316988246
258,51.50949444,-0.160948558,1.239033056,-0.024867664,0.595956631
258.5,51.5095001,-0.160948756,1.265537051,-0.007802221,0.17857166
259,51.50950568,-0.160948668,1.234066574,0.022117481,0.6265904
259.5,51.50951126,-0.160948539,1.243188414,0.0104098,1.730811354
260,51.50951688,-0.160948519,1.265702879,0.021898453,1.474781033
260.5,51.50952251,-0.160948279,1.238447939,0.036375288,2.21436855
261,51.50952804,-0.160947927,1.258579913,0.059903365,2.319590101
261.5,51.50953377,-0.160947546,1.266178025,0.046818616,2.917819554
262,51.50953935,-0.160947134,1.269495583,0.075453097,3.174807566
262.5,51.50954513,-0.160946744,1.271749529,0.054737572,2.458416531
263,51.50955075,-0.160946293,1.271661661,0.064376956,2.390266026
263.5,51.50955649,-0.160946001,1.241731235,0.03449608,1.274791623
264,51.50956192,-0.160945773,1.23506002,0.023293275,0.684255077
264.5,51.50956756,-0.160945603,1.246347411,0.022757049,0.091577608
265,51.50957305,-0.160945547,1.235117003,0.001686939,-0.330911351
265.5,51.50957863,-0.160945495,1.231677434,-0.000244588,0.511412784
266,51.50958411,-0.160945404,1.248756039,0.030350855,0.496190555
266.5,51.50958922,-0.160945211,1.015801056,0.003618456,0.908999041
267,51.50959308,-0.160945272,0.76834731,-0.016743868,0.228585579
267.5,51.50959593,-0.160945168,0.507527571,0.031320554,1.117669206
268,51.50959749,-0.160945046,0.254682925,-0.006474349,1.972710357
268.5,51.50959866,-0.160944909,0.245411957,0.022610488,16.06963848
269,51.50959956,-0.160944281,0.195183505,0.129491549,30.56689914
269.5,51.5096005,-0.160943097,0.206612206,0.185472617,45.19225399
270,51.50960119,-0.160941517,0.118182248,0.247587479,60.15354472
270.5,51.50960166,-0.160939713,0.069553628,0.227832319,74.62717254
271,51.50960178,-0.160937874,-0.004877763,0.266257244,88.94608437
271.5,51.50960167,-0.160935912,-0.055049467,0.241830143,104.2426417
272,51.50960123,-0.160934063,-0.150317052,0.26788935,119.1381419
272.5,51.50960055,-0.160932381,-0.176429831,0.198120791,133.9492498
273,51.5095996,-0.16093114,-0.241932667,0.138007043,149.295013
273.5,51.50959866,-0.160930505,-0.207880376,0.032957876,164.6533042
274,51.50959769,-0.160930287,-0.246791229,0.009066594,180.0116847
274.5,51.50959597,-0.160930177,-0.510856906,0.002966303,180.3879262
275,51.50959318,-0.160930075,-0.741194298,0.009643836,180.0193535
275.5,51.50958914,-0.160930034,-1.002360817,-0.011214891,180.1398243
276,51.50958415,-0.160930059,-1.256499604,-0.001298139,180.652286
276.5,51.50957837,-0.160929995,-1.28880213,-0.006861206,180.2045799
277,51.50957277,-0.160929771,-1.271119372,0.029656293,179.3003771
277.5,51.50956706,-0.160929534,-1.267506615,0.017943275,179.1715551
278,51.50956156,-0.160929309,-1.251322262,0.019177974,179.3962197
278.5,51.50955596,-0.1609291,-1.239985517,0.012019892,179.8547326
279,51.50955047,-0.160928941,-1.263511685,-0.003834999,179.4205211
279.5,51.50954479,-0.160928856,-1.273333376,0.009034633,179.0988994
280,51.50953913,-0.160928825,-1.26907956,-0.002519297,179.5990166
280.5,51.50953349,-0.160928817,-1.253221268,0.00261728,179.9464757
281,51.50952794,-0.160928684,-1.241362063,0.012042278,179.9910098
281.5,51.50952238,-0.160928596,-1.241921932,0.010368457,180.3689635
282,51.50951686,-0.160928631,-1.231054742,-0.016346748,180.989813
282.5,51.5095113,-0.160928594,-1.246586616,0.006014788,181.2654965
283,51.50950577,-0.160928552,-1.245623513,-0.008966949,181.016326
283.5,51.50950019,-0.16092848,-1.247350462,0.006645564,180.8005319
284,51.50949467,-0.160928337,-1.253183224,0.014175962,179.9407424
284.5,51.50948901,-0.160928137,-1.247338027,0.025130607,178.8304359
285,51.50948348,-0.160927844,-1.240459627,0.053119807,178.2093586
285.5,51.50947791,-0.160927401,-1.240188244,0.059450851,177.6099005
286,51.50947237,-0.160926911,-1.241552735,0.067034376,177.5781743
286.5,51.50946678,-0.16092659,-1.237086567,0.030597283,178.0162918
287,51.5094612,-0.160926216,-1.266319216,0.057515436,177.8054843
287.5,51.50945555,-0.160925871,-1.255367154,0.034019571,178.0513777
288,51.50944989,-0.160925593,-1.278853625,0.045186739,178.5284376
288.5,51.50944417,-0.160925287,-1.258683549,0.015673789,177.9656728
289,51.50943856,-0.160925097,-1.247527986,0.035335741,177.6281813
289.5,51.50943292,-0.160924872,-1.259341295,0.017509157,177.3540207
290,51.50942731,-0.160924881,-1.265997346,-0.008791905,178.3051571
290.5,51.50942155,-0.160924846,-1.268925641,0.007045655,178.5537877
291,51.50941582,-0.160924687,-1.28088374,0.013534302,178.813548
291.5,51.50941016,-0.160924635,-1.253570181,0.000478936,179.4055833
292,51.50940451,-0.160924595,-1.271216053,-0.014986765,179.3230743
292.5,51.50939877,-0.160924633,-1.275984177,-0.00950851,179.5545908
293,51.5093931,-0.160924663,-1.258078748,-0.006655675,179.4151438
293.5,51.50938752,-0.160924782,-1.248177946,-0.028810439,179.5279767
294,51.5093819,-0.160925034,-1.232744833,-0.042684929,179.9378657
294.5,51.50937634,-0.160925275,-1.249563235,-0.021410159,180.1930767
295,51.50937076,-0.160925465,-1.245296308,-0.035000072,180.5568839
295.5,51.50936517,-0.160925759,-1.23280665,-0.045651939,181.2955787
296,51.50935964,-0.160925992,-1.247596683,-0.042561817,181.1774473
296.5,51.50935408,-0.16092621,-1.22236866,-0.009112307,181.3804912
297,51.50934848,-0.160926098,-1.253279636,0.035988664,180.4090535
297.5,51.50934297,-0.16092601,-1.21687314,-0.011475012,181.0323061
298,51.50933737,-0.160926148,-1.265574719,-0.014086712,181.3371864
298.5,51.50933169,-0.16092629,-1.265524933,-0.026263596,181.3259984
299,51.50932605,-0.160926441,-1.234331525,-0.016808054,180.7854647
299.5,51.50932052,-0.160926665,-1.238331804,-0.055641882,181.0652833
300,51.50931496,-0.160927095,-1.237572792,-0.054474271,181.4551357
300.5,51.50930934,-0.160927338,-1.273158292,-0.006769369,181.3347153
301,51.50930366,-0.160927367,-1.255058098,-0.002672446,181.1083053
301.5,51.50929815,-0.160927431,-1.229852143,-0.029458184,181.5610339
302,51.50929254,-0.160927563,-1.240088696,-0.017316287,181.211167
302.5,51.50928702,-0.160927601,-1.234193581,0.005040765,181.2130646
303,51.50928147,-0.160927546,-1.227024041,0.011034744,181.2107653
303.5,51.50927595,-0.160927517,-1.249461566,-0.01686588,181.2260247
304,51.50927037,-0.160927642,-1.220778951,-0.0109733,181.4180277
304.5,51.50926478,-0.160927674,-1.273655149,0.001342717,180.668872
305,51.50925909,-0.160927662,-1.253240996,0.016613775,180.3834452
305.5,51.5092541,-0.160927636,-0.968035397,0.004023267,180.6931481
306,51.50925037,-0.160927565,-0.753655985,0.020853178,180.6310525
306.5,51.50924764,-0.16092762,-0.503211554,-0.032984913,180.7642154
307,51.50924604,-0.160927793,-0.240728992,-0.011401895,180.9614587
307.5,51.50924498,-0.160927587,-0.25152312,0.071264938,165.8616625
308,51.5092439,-0.160926939,-0.209084028,0.113392718,150.8858075
308.5,51.50924307,-0.160925881,-0.160426452,0.181219446,136.013472
309,51.50924246,-0.160924421,-0.119180918,0.230755768,120.88328
309.5,51.50924203,-0.160922709,-0.075510584,0.245818882,105.3368072
310,51.50924189,-0.160921145,0.004056553,0.219501562,89.66593156
310.5,51.50924208,-0.160919481,0.078103976,0.24401513,75.12845598
311,51.5092425,-0.160917829,0.108461141,0.240352837,61.32486609
311.5,51.5092431,-0.160916325,0.155771187,0.182506877,46.15437391
312,51.50924398,-0.160915267,0.227742443,0.130245738,30.88376451
312.5,51.50924499,-0.160914551,0.216145132,0.09288813,15.84835677
313,51.50924597,-0.160914223,0.224785729,0.017526039,1.19936496
313.5,51.50924761,-0.160914186,0.486689098,0.001880011,0.059303423
314,51.50925048,-0.160914163,0.749885213,0.016272398,-1.059305587
314.5,51.50925448,-0.160914056,0.975462274,0.005308659,-0.471624522
315,51.50925956,-0.160914034,1.239735099,0.001831713,-0.593665555
315.5,51.50926512,-0.160914051,1.236018069,0.000690009,-0.178277326
316,51.50927068,-0.160913896,1.238953735,0.035533908,0.447451925
316.5,51.5092763,-0.160913867,1.250791383,-0.006393871,0.310811858
317,51.50928189,-0.160913814,1.26927106,0.009373342,0.542963077
317.5,51.50928758,-0.160913661,1.260970899,0.030159488,1.19638017
318,51.50929324,-0.160913486,1.253874072,0.016977024,2.200178209
318.5,51.50929884,-0.160913472,1.253606888,0.004733415,1.465013842
319,51.50930448,-0.160913493,1.250972446,-0.004073384,0.814526962
319.5,51.50931009,-0.160913535,1.247242298,-0.004225537,0.975629375
320,51.50931573,-0.160913616,1.257168445,0.002526275,0.660585105
320.5,51.50932133,-0.160913647,1.258356836,-0.000513758,0.313165468
321,51.50932702,-0.160913816,1.258414047,-0.017528019,-0.213530446
321.5,51.50933258,-0.160913897,1.229736182,-0.004126666,0.361886134
322,51.50933811,-0.160913921,1.226835254,0.002001325,0.992926654
322.5,51.50934361,-0.160914082,1.241371154,-0.022424208,0.543737562
323,51.50934921,-0.160914305,1.254185346,-0.03191145,-0.099747352
323.5,51.50935484,-0.160914575,1.252292064,-0.023429411,-0.259301204
324,51.50936043,-0.160914742,1.232454404,0.001436713,-0.584143567
324.5,51.50936598,-0.160914877,1.250211035,-0.022603498,-0.849195262
325,51.50937167,-0.160915178,1.281225696,-0.048275705,-0.880231547
325.5,51.50937736,-0.160915508,1.255925826,-0.029249145,0.154768402
326,51.50938301,-0.160915554,1.252359967,0.028744695,0.898651062
326.5,51.50938866,-0.160915599,1.26163063,-0.020729267,0.633352549
327,51.5093943,-0.160915846,1.274399171,-0.014093242,0.391777899
327.5,51.50939996,-0.160915985,1.262446085,-0.013662968,0.135846344
328,51.50940556,-0.160916131,1.23034248,-0.009413552,-0.108682815
328.5,51.5094111,-0.160916273,1.238401988,-0.008914027,-0.410656572
329,51.50941663,-0.160916409,1.227519778,-0.018688669,-0.41142959
329.5,51.50942221,-0.160916647,1.252761177,-0.021270243,0.356657123
330,51.50942779,-0.160916745,1.261692796,0.013199454,0.900266265
330.5,51.50943343,-0.160916646,1.24220356,0.024146896,1.005614745
331,51.50943895,-0.160916522,1.233133525,0.027679622,0.898510097
331.5,51.50944456,-0.16091636,1.268029736,0.031116367,0.603354555
332,51.50945019,-0.16091632,1.234455897,-0.000227376,0.171136498
332.5,51.50945573,-0.160916346,1.242469059,0.013159673,-0.010991172
333,51.50946142,-0.160916481,1.275305301,-0.027535576,-0.13557251
333.5,51.50946704,-0.16091659,1.237657464,0.006606799,-0.087921157
334,51.50947264,-0.160916594,1.24048738,0.001088195,-0.603030404
334.5,51.5094782,-0.16091673,1.256170182,-0.01974783,-0.598838819
335,51.50948382,-0.160916819,1.238197277,0.003504567,-0.569911385
335.5,51.5094894,-0.160916801,1.248414482,0.009923536,-0.455444479
336,51.50949501,-0.160916769,1.238206799,0.001758979,-0.77103689
336.5,51.50950055,-0.160916682,1.241236418,0.025995899,-0.465689375
337,51.50950616,-0.16091657,1.264361028,-0.002553963,-0.172139193
337.5,51.50951188,-0.160916598,1.255773581,-0.019744192,-0.551406811
338,51.5095174,-0.16091659,1.241652058,0.017911674,-0.83507722
338.5,51.50952304,-0.160916571,1.254722489,-0.014412745,-1.05507172
339,51.50952859,-0.160916472,1.223146422,0.01602917,-0.395511125
339.5,51.5095341,-0.160916484,1.248668778,-0.009738711,-0.2660333
340,51.5095397,-0.160916652,1.242426416,-0.017364548,-0.675384406
340.5,51.50954529,-0.160916669,1.254049002,0.004926753,-0.380827452
341,51.50955087,-0.160916556,1.243702673,0.026121685,-0.060613532
341.5,51.5095565,-0.160916488,1.269209047,0.000791307,-0.954709812
342,51.50956221,-0.160916513,1.275251454,-0.013823638,-1.450334234
342.5,51.50956792,-0.160916552,1.247429892,-0.008565701,-1.223208801
343,51.50957346,-0.160916612,1.244992411,-0.001582031,-1.613642992
343.5,51.50957903,-0.160916555,1.229810576,0.011834898,-1.267809453
344,51.50958455,-0.160916703,1.227407872,-0.053126384,-1.986173514
344.5,51.50958944,-0.160916911,0.972951919,-0.012883901,-1.47765009
345,51.5095932,-0.160916881,0.735891644,0.016006724,-1.673276868
345.5,51.50959587,-0.16091678,0.490853015,0.010708484,-1.630627968
346,51.50959744,-0.16091669,0.236628695,0.009125904,-2.025506929
346.5,51.50959841,-0.160916337,0.206907848,0.071806774,13.51624859
347,51.50959926,-0.160915594,0.180871825,0.129507031,28.86917213
347.5,51.5096001,-0.160914547,0.163520739,0.14098346,43.16288583
348,51.50960069,-0.160913249,0.105080429,0.21284895,57.83353905
348.5,51.50960111,-0.160911712,0.064882514,0.193605146,73.68247296
349,51.50960124,-0.160910063,-0.01419655,0.256337649,89.54146388
349.5,51.50960115,-0.160908336,-0.046490006,0.225028618,104.5263632
350,51.50960084,-0.160906823,-0.108518593,0.191657836,119.322757
350.5,51.50960026,-0.160905529,-0.166033931,0.161845051,134.2786504
351,51.50959947,-0.160904551,-0.214166171,0.114819984,149.9268601
351.5,51.50959845,-0.160903876,-0.240573297,0.052746651,164.6785919
352,51.5095975,-0.160903775,-0.242250395,-0.010302118,179.9427473
352.5,51.50959576,-0.16090377,-0.51205075,-0.012411932,180.4990792
353,51.50959292,-0.160903898,-0.762176653,-0.031234756,180.4825995
353.5,51.50958884,-0.16090403,-1.040034326,-0.020693413,180.472495
354,51.50958378,-0.160904296,-1.243044534,-0.043059464,181.0886844
354.5,51.50957808,-0.160904327,-1.252502313,0.017026378,180.620772
355,51.50957265,-0.160904263,-1.240444285,-0.011186302,180.3157085
355.5,51.50956703,-0.160904321,-1.260588756,0.001437229,180.7566289
356,51.50956155,-0.160904315,-1.243485349,-0.004765773,180.9808303
356.5,51.50955607,-0.160904391,-1.229931969,-0.01711709,180.4581995
357,51.50955049,-0.160904476,-1.283106918,-0.004525783,180.1085307
357.5,51.50954483,-0.160904462,-1.263772294,0.023287246,180.402661
358,51.50953918,-0.160904198,-1.272664031,0.036943467,180.1390908
358.5,51.50953356,-0.160903914,-1.262405854,0.038128822,180.1054784
359,51.50952797,-0.16090375,-1.270545697,0.014375253,180.4857206
359.5,51.50952225,-0.16090359,-1.26750029,0.019021168,181.2086902
360,51.50951663,-0.160903481,-1.266179043,-0.001963346,181.3668218
360.5,51.50951096,-0.160903501,-1.261736608,-0.002127645,181.8463034
361,51.50950539,-0.160903527,-1.255623554,-0.016837679,181.5518742
361.5,51.50949973,-0.160903596,-1.251829011,-0.01061846,181.7415784
362,51.50949419,-0.16090367,-1.265283452,-0.000813202,181.7861033
362.5,51.50948853,-0.160903684,-1.242041308,-0.002172539,181.3051817
363,51.50948299,-0.160903614,-1.270278963,0.011965428,180.8013662
363.5,51.5094774,-0.160903559,-1.233167599,0.003247167,181.390939
364,51.50947176,-0.16090356,-1.238436275,-0.005085708,181.568325
364.5,51.5094663,-0.16090354,-1.249956028,0.008881782,181.3159246
365,51.50946056,-0.160903426,-1.265135991,0.017649957,180.9836944
365.5,51.50945497,-0.160903333,-1.253688366,0.001509415,181.2461254
366,51.50944927,-0.160903355,-1.295344375,0.001371735,181.1392447
366.5,51.50944355,-0.160903226,-1.249945746,0.016196189,180.0431966
367,51.50943799,-0.160903138,-1.238631384,0.007408217,179.534828
367.5,51.50943242,-0.160902968,-1.256923719,0.04749306,179.4760762
368,51.50942675,-0.160902728,-1.252347573,0.01088767,179.0697814
368.5,51.5094212,-0.160902639,-1.244508159,0.003752505,178.8487607
369,51.50941555,-0.16090276,-1.247904747,-0.027027223,179.4086379
369.5,51.50940999,-0.160902816,-1.259699184,0.025766155,179.9671901
370,51.50940435,-0.16090269,-1.235587716,0.007224011,180.2811467
370.5,51.50939886,-0.160902671,-1.221765881,0.004453305,181.091717
371,51.50939334,-0.160902666,-1.23969166,0.002735803,181.4890836
371.5,51.50938777,-0.160902764,-1.231161904,-0.0211036,181.7390122
372,51.5093822,-0.160902809,-1.249173036,0.005395843,181.674659
372.5,51.5093766,-0.160902818,-1.223049424,-0.017298746,181.0892446
373,51.50937108,-0.160902817,-1.249084642,0.014839182,180.6519719
373.5,51.50936544,-0.160902602,-1.24284771,0.034969872,179.9725523
374,51.50935992,-0.160902369,-1.242373722,0.025725516,179.6562493
374.5,51.50935426,-0.160902144,-1.252832949,0.028936394,179.5475598
375,51.50934863,-0.160901929,-1.262319853,0.029160171,179.4289843
375.5,51.509343,-0.160901803,-1.242774653,0.014378572,179.2185776
376,51.50933734,-0.160901684,-1.27603974,0.027458144,179.2860422
376.5,51.5093316,-0.160901578,-1.271291898,0.029899193,180.3286115
377,51.50932601,-0.160901487,-1.23082105,-0.011959235,180.5376605
377.5,51.50932037,-0.160901507,-1.249704836,0.011651835,180.1428334
378,51.50931484,-0.160901466,-1.233974657,0.008985941,180.2870285
378.5,51.50930912,-0.16090133,-1.275786262,0.024983873,180.3700797
379,51.50930351,-0.160901262,-1.243352,0.010839419,180.7859184
379.5,51.50929785,-0.160901459,-1.26250562,-0.038288062,180.9120245
380,51.50929219,-0.160901751,-1.24951329,-0.027978915,181.2765011
380.5,51.50928656,-0.160902028,-1.271470475,-0.031172366,182.4706811
381,51.50928085,-0.160902294,-1.244540346,-0.038391184,182.7975108
381.5,51.50927532,-0.160902372,-1.23814612,-0.00091327,181.8513506
382,51.50926972,-0.160902585,-1.253503858,-0.036910475,181.4389996
382.5,51.50926403,-0.160902758,-1.258783142,-0.002817962,181.3186741
383,51.5092585,-0.160902908,-1.248799051,-0.04249146,180.932837
383.5,51.50925344,-0.16090303,-0.999646516,0.009395456,179.8081008
384,51.50924961,-0.160902976,-0.750767236,0.010031978,179.2183721
384.5,51.50924694,-0.160902968,-0.509037483,-0.005268791,179.0760184
385,51.50924526,-0.160903054,-0.253163367,-0.014388001,178.8533822
385.5,51.50924425,-0.160902847,-0.259939686,0.060770796,162.2263781
386,51.50924307,-0.160902062,-0.220833276,0.136986109,146.2717278
386.5,51.50924227,-0.160900984,-0.178302925,0.153521887,132.4279428
387,51.50924159,-0.16089957,-0.10711981,0.223100084,118.2161509
387.5,51.50924128,-0.160897837,-0.060359028,0.252008691,103.6209844
388,51.50924114,-0.160895928,-0.006129065,0.281452147,88.44806059
388.5,51.5092413,-0.160894044,0.058217372,0.244170186,73.9125326
389,51.50924168,-0.160892357,0.105466792,0.23290132,59.39567037
389.5,51.50924234,-0.160891045,0.184293775,0.149266615,44.29488914
390,51.50924319,-0.160890097,0.194595198,0.133945972,29.30733456
390.5,51.50924426,-0.160889371,0.24837687,0.075803791,14.82207953
391,51.5092454,-0.160889307,0.264762873,-0.021247317,-0.917105453
391.5,51.50924713,-0.160889355,0.488126174,0.010737788,-0.900908094
392,51.50925008,-0.160889273,0.761341343,0.023606948,-1.237710065
392.5,51.50925408,-0.160889219,1.005968139,-0.001175937,-1.396736738
393,51.50925927,-0.160889337,1.253850024,-0.023321439,-1.139903912
393.5,51.50926497,-0.160889493,1.252973104,-0.005065726,-1.419095276
394,51.50927062,-0.160889702,1.264390022,-0.035070919,-1.362362114
394.5,51.50927626,-0.160890088,1.250723876,-0.061145671,-1.298521965
395,51.50928189,-0.160890385,1.225811985,-0.009169668,-1.416936347
395.5,51.5092874,-0.160890446,1.245603792,0.013012371,-1.87365011
396,51.50929298,-0.160890584,1.245974173,-0.029889933,-2.601091137
396.5,51.50929854,-0.160890725,1.231485938,-0.009959584,-2.512989111
397,51.50930415,-0.160890924,1.249752084,-0.038616082,-2.7115496
397.5,51.5093097,-0.160891131,1.229264992,-0.027407781,-1.917688472
398,51.50931526,-0.160891303,1.252012648,-0.018548707,-1.595045288
398.5,51.50932092,-0.160891424,1.258278834,-0.010573779,-1.149683629
399,51.50932664,-0.160891595,1.279740729,-0.037552122,-1.436287061
399.5,51.50933233,-0.160891718,1.242620445,-0.000742344,-0.7732977
400,51.50933784,-0.160891602,1.234459841,0.03219171,-0.487507246
400.5,51.50934346,-0.160891534,1.26309408,-0.011706105,-0.742913965
401,51.50934906,-0.160891433,1.219613216,0.024335948,-0.439671315
401.5,51.5093546,-0.160891447,1.261421252,-0.001699552,-1.180859194
402,51.50936021,-0.160891521,1.250737528,-0.023358004,-1.114025225
402.5,51.50936589,-0.160891769,1.24204548,-0.039518314,-1.604230263
403,51.50937145,-0.160892152,1.256127209,-0.049606124,-2.033587906
403.5,51.50937718,-0.160892499,1.255434204,-0.055559219,-1.341694575
404,51.50938274,-0.160892952,1.246020837,-0.051512499,-1.63209738
404.5,51.50938843,-0.160893251,1.253521932,-0.032617486,-1.473908309
405,51.5093939,-0.160893316,1.206264918,0.003524811,-0.712121556
405.5,51.50939947,-0.160893379,1.242885238,-0.021932797,-0.269604608
406,51.50940498,-0.160893373,1.238526474,0.011455561,0.771735769
406.5,51.50941064,-0.160893354,1.240576459,0.000497877,0.661491416
407,51.50941615,-0.160893423,1.234046228,-0.004630474,0.215519089
407.5,51.50942173,-0.160893413,1.249271911,-0.007240806,0.45044691
408,51.50942745,-0.160893442,1.272329359,0.002807016,0.242636742
408.5,51.509433,-0.160893341,1.239449964,0.02392716,0.346958464
409,51.50943864,-0.160893205,1.223799318,0.008556031,0.384760145
409.5,51.50944413,-0.160893093,1.264249644,0.023455851,-0.267897772
410,51.50944983,-0.16089294,1.25665247,0.004433293,-0.1741092
410.5,51.5094554,-0.160892762,1.233430987,0.026214707,0.134128399
411,51.50946098,-0.160892518,1.249643919,0.022401483,1.412565571
411.5,51.50946654,-0.160892374,1.229591285,0.027952357,0.579090523
412,51.5094721,-0.160892249,1.237861211,0.008184834,-0.112727202
412.5,51.50947766,-0.160892048,1.246510539,0.027294125,-0.224900561
413,51.50948317,-0.160891749,1.225422131,0.03297914,-0.11451567
413.5,51.50948871,-0.160891609,1.256161722,0.001205711,-0.368050227
414,51.50949432,-0.160891552,1.231652836,0.008769782,-0.675154674
414.5,51.50949975,-0.160891562,1.239466034,-0.015887412,-0.849271391
415,51.50950536,-0.160891646,1.230471805,-0.014800756,-0.116301659
415.5,51.50951084,-0.160891754,1.23644769,-0.013791048,-0.110861933
416,51.50951648,-0.160891984,1.270041307,-0.033896602,-0.255737583
416.5,51.50952199,-0.160892058,1.211144709,0.021326906,-0.4551604
417,51.50952746,-0.16089206,1.238890821,-0.028608793,-0.493443804
417.5,51.50953305,-0.160892354,1.233891357,-0.049670705,-1.107479241
418,51.50953863,-0.160892695,1.250758197,-0.01932736,-1.654236976
418.5,51.50954418,-0.160892764,1.240629257,-0.017734629,-0.929799957
419,51.50954978,-0.160892864,1.239186011,0.004153005,-1.137714431
419.5,51.50955534,-0.160892795,1.234897272,0.008164844,-1.066430214
420,51.5095609,-0.160892756,1.239770725,-0.017609688,-0.300446257
420.5,51.50956646,-0.160892801,1.226968148,0.014880073,-0.159655204
421,51.50957202,-0.160892672,1.258081732,0.020183108,-0.116079158
421.5,51.50957758,-0.16089257,1.233021273,0.021465734,-0.929712959
422,51.50958317,-0.160892471,1.257097072,-0.006712871,-1.323885876
422.5,51.50958818,-0.160892445,0.964943592,0.008611606,-1.161608939
423,51.50959185,-0.16089248,0.734047264,-0.010237297,-1.189852645
423.5,51.5095946,-0.160892517,0.484510822,-0.005804556,-1.090948406
424,51.50959619,-0.160892542,0.291008063,0.011462946,-1.938361617
424.5,51.50959713,-0.16089251,0.129123463,-0.003669527,-2.028914721
425,51.50959736,-0.160892537,-0.001433002,-0.008467138,-1.169427411
