0,5,6,7,9,10,11,15,30
0,20900805.52,21303508.29,24665467.83,22561399.39,20206719.21,22837748.13,22243173.47,24180826.31
0.5,20900686.22,21303595.57,24665530.38,22561245.14,20206768.82,22838088.17,22243515.65,24180507.75
1,20900565.71,21303685.11,24665592.12,22561084.44,20206820,22838422.45,22243860.55,24180191.29
1.5,20900447.29,21303772.4,24665653.5,22560933.02,20206869.29,22838764.8,22244211.28,24179879.43
2,20900331.66,21303861.03,24665716.74,22560773.32,20206915.03,22839101.53,22244551.35,24179559.51
2.5,20900208.51,21303953.19,24665784.49,22560618.97,20206967.61,22839437.76,22244902.27,24179245.75
3,20900087.84,21304038.19,24665844.38,22560466.94,20207015.5,22839775.3,22245248.01,24178927.54
3.5,20899966.8,21304125.91,24665907.1,22560308.62,20207066.09,22840111.42,22245595.56,24178610.86
4,20899847.47,21304216.13,24665963.92,22560151.78,20207118.22,22840450.99,22245941.09,24178299.21
4.5,20899730.99,21304305.23,24666028.84,22559999.15,20207171.22,22840790.18,22246283.18,24177979.55
5,20899609.26,21304393.28,24666095.25,22559838.75,20207216.43,22841130.08,22246632.98,24177666.93
5.5,20899491.34,21304484.28,24666153.6,22559681.19,20207264.5,22841460.51,22246977.22,24177350.44
6,20899371.91,21304569.64,24666216.27,22559531.65,20207316.12,22841810.41,22247320.31,24177031.73
6.5,20899251.74,21304657.7,24666280.09,22559373.55,20207363.63,22842140.99,22247670.45,24176719.13
7,20899129.84,21304746.33,24666342.01,22559216.59,20207413.14,22842480.07,22248016.91,24176407.12
7.5,20899011.64,21304830.83,24666407.25,22559061.5,20207461.75,22842819.42,22248361.71,24176089.35
8,20898893.18,21304927.23,24666468.53,22558908.3,20207514.81,22843154.96,22248709.65,24175773.73
8.5,20898770.75,21305013.72,24666528.81,22558752.56,20207561.05,22843497.35,22249057.53,24175458.36
9,20898655.18,21305104.51,24666596.38,22558594.17,20207614.11,22843833.82,22249401.55,24175140.35
9.5,20898529.78,21305188.4,24666653.83,22558437.03,20207664.01,22844170.79,22249746.77,24174820.84
10,20898412.93,21305283.48,24666721.03,22558279.58,20207715.71,22844507.46,22250094.78,24174509.19
10.5,20898295.16,21305370.26,24666784.28,22558126.61,20207763.98,22844850.26,22250437.81,24174199.45
11,20898173.73,21305461.66,24666845.07,22557972.15,20207815.83,22845184.8,22250786.89,24173876.2
11.5,20898056.41,21305547.83,24666909.41,22557816.18,20207861.68,22845523.83,22251132.53,24173563.66
12,20897938.54,21305640.34,24666974.56,22557660.63,20207911.8,22845860.1,22251477.99,24173249.32
12.5,20897814.41,21305727.01,24667032.36,22557505.44,20207959.76,22846197.08,22251826.96,24172932.72
13,20897696.69,21305817.82,24667099.96,22557347.69,20208008.89,22846536.23,22252170.06,24172617.6
13.5,20897580.53,21305907.3,24667165.53,22557193.46,20208056.74,22846881.12,22252520.47,24172304.31
14,20897458.81,21305993.49,24667225,22557038.36,20208114.82,22847214.39,22252865.95,24171984.87
14.5,20897338.34,21306084.14,24667292.82,22556886.85,20208158.95,22847550.56,22253214.65,24171671.74
15,20897220.2,21306174.13,24667353.76,22556729,20208212.73,22847889.11,22253558.41,24171356.46
15.5,20897099.92,21306261.18,24667416.02,22556573.89,20208265.95,22848225.65,22253907.33,24171037.88
16,20896987.08,21306355.57,24667480.87,22556415.8,20208313.59,22848569.4,22254251.18,24170726.42
16.5,20896864.57,21306441.3,24667542.05,22556264.26,20208365.08,22848902.09,22254597.3,24170411.7
17,20896740.27,21306532.38,24667608.96,22556110.2,20208411.31,22849243.65,22254943.92,24170095.14
17.5,20896622.65,21306621.27,24667666.25,22555953.89,20208464.57,22849581.22,22255293.25,24169778.91
18,20896504.61,21306705.3,24667728.77,22555797.95,20208513.55,22849918.35,22255641.41,24169460.96
18.5,20896386.73,21306796.71,24667792.95,22555642.58,20208562.85,22850258.7,22255986.7,24169146.32
19,20896271.27,21306888.51,24667859.25,22555486.79,20208613.36,22850592.54,22256332.03,24168829.37
19.5,20896146.79,21306983.89,24667922.35,22555334.15,20208663.57,22850933.38,22256679.73,24168516.71
20,20896029.1,21307070.24,24667987.83,22555174.78,20208713.07,22851273.98,22257026.39,24168200.08
20.5,20895910.06,21307155.89,24668048.9,22555024.21,20208765.58,22851611.2,22257370.31,24167882.77
21,20895791.21,21307247.49,24668113.77,22554867.23,20208814.97,22851947.54,22257719.7,24167566.37
21.5,20895675.57,21307334.64,24668178.5,22554713.3,20208865.72,22852286.64,22258064.74,24167257.38
22,20895553.54,21307427.67,24668242.34,22554550.46,20208916.43,22852627.1,22258417.21,24166935.49
22.5,20895434.64,21307517.17,24668302.49,22554397.44,20208969.7,22852967.01,22258762.04,24166620.99
23,20895314.31,21307610.52,24668366.37,22554242.07,20209017.08,22853301.37,22259107.44,24166308.69
23.5,20895193.16,21307693.77,24668429.49,22554091.58,20209069.42,22853643.13,22259453.06,24165992
24,20895079.01,21307784.85,24668496.85,22553936.43,20209114.97,22853977.33,22259799.75,24165674.77
24.5,20894955.99,21307876.94,24668561.75,22553784.02,20209168.18,22854317.59,22260149.67,24165362.37
25,20894838.92,21307962.55,24668623.29,22553624.39,20209220.28,22854659.59,22260493.73,24165044.24
25.5,20894722.17,21308053.5,24668687.17,22553470.3,20209266.31,22854992.61,22260844.47,24164730.94
26,20894600.28,21308145.87,24668750.59,22553315.17,20209321.3,22855331.6,22261187,24164410.99
26.5,20894482.73,21308238.7,24668815.57,22553165.5,20209371.65,22855672.15,22261535.76,24164097.1
27,20894361.18,21308328.04,24668877.95,22553006.4,20209422.36,22856006.57,22261879.96,24163782.41
27.5,20894248.49,21308413.92,24668939.95,22552852.08,20209474.48,22856348.3,22262228.18,24163472.61
28,20894126.23,21308509.15,24669003.65,22552697.41,20209526.53,22856687.3,22262574.68,24163154.16
28.5,20894006.79,21308598.81,24669071.04,22552543.34,20209574.36,22857028.11,22262923.71,24162841.21
29,20893889.99,21308686.14,24669134.16,22552389.39,20209625.87,22857364.1,22263267.01,24162523.31
29.5,20893769.55,21308778.01,24669198.38,22552233.69,20209675.59,22857702.08,22263619.58,24162205.57
30,20893651.63,21308868.82,24669262.32,22552077.82,20209727.01,22858036.61,22263966.96,24161893.26
30.5,20893531.15,21308958.15,24669326.37,22551924.75,20209774.22,22858374.09,22264309.98,24161577
31,20893415.32,21309045.1,24669392.31,22551773.08,20209828.12,22858718.34,22264659.05,24161258.7
31.5,20893294.57,21309140.78,24669455.52,22551619.03,20209879.22,22859057.41,22265006.6,24160944.78
32,20893175.75,21309229.58,24669519.27,22551462.57,20209927.97,22859390.34,22265353.73,24160629.15
32.5,20893057.94,21309317.39,24669584.3,22551313.38,20209980.35,22859731.65,22265701.49,24160315.22
33,20892936.38,21309412.32,24669647.9,22551149.61,20210028.74,22860073.64,22266046.29,24159997.53
33.5,20892819.54,21309498.65,24669713.06,22550997.89,20210080.22,22860408.39,22266392.69,24159683.71
34,20892700.64,21309593.1,24669775.6,22550842.91,20210130.12,22860747.08,22266745.78,24159366.01
34.5,20892580.99,21309680.04,24669841.6,22550690.26,20210185.15,22861084.66,22267088.4,24159052.37
35,20892464.46,21309773.04,24669907.08,22550537.79,20210235.42,22861424.09,22267435.25,24158736.05
35.5,20892346.25,21309862.88,24669971.46,22550381.78,20210284.98,22861766.45,22267783.43,24158420.5
36,20892226.28,21309952.07,24670036.83,22550228.67,20210337.85,22862102.61,22268127.69,24158104.24
36.5,20892106.62,21310041.66,24670100.93,22550076.56,20210390.19,22862440.05,22268472.02,24157791.02
37,20891992.97,21310132.55,24670166.12,22549921.39,20210442.42,22862782.16,22268821.55,24157474.79
37.5,20891870.94,21310222.37,24670231.05,22549763.12,20210489.72,22863118.51,22269164.09,24157157.75
38,20891754.56,21310317.01,24670297.15,22549609.65,20210539.95,22863456.07,22269516.96,24156845.71
38.5,20891631.66,21310404.93,24670360.67,22549456.85,20210595,22863796.07,22269862.54,24156526.32
39,20891518.24,21310496.23,24670430.12,22549304.81,20210647.96,22864136.33,22270208.21,24156209.76
39.5,20891396.66,21310588.22,24670493.15,22549155.84,20210693.4,22864475.1,22270559.17,24155896.6
40,20891278.46,21310677.08,24670560.34,22548998.03,20210745.96,22864814.13,22270903.63,24155573.58
40.5,20891159.39,21310769.27,24670622.21,22548843.46,20210798.56,22865152.35,22271249.56,24155261.12
41,20891045.04,21310862.28,24670685.2,22548691.04,20210850.36,22865487.78,22271600.5,24154942.27
41.5,20890923.88,21310952.1,24670750.75,22548536.35,20210902.51,22865827.44,22271940.75,24154628.63
42,20890806.23,21311044.84,24670818.78,22548385.45,20210950.74,22866168.34,22272290.93,24154311.01
42.5,20890689.32,21311132.31,24670885.54,22548231.48,20211004.33,22866511.26,22272638.29,24153997.43
43,20890570.94,21311224.03,24670950.52,22548075.41,20211054.81,22866851.68,22272984.43,24153678.31
43.5,20890451.32,21311316.24,24671013.94,22547922.19,20211109.11,22867184.91,22273327.83,24153364.49
44,20890334.5,21311408.26,24671083.76,22547774.26,20211155.84,22867527.68,22273676,24153046.49
44.5,20890216.2,21311496.63,24671147.67,22547616.12,20211210.81,22867863.85,22274026.12,24152732.64
45,20890097.81,21311591.99,24671213.75,22547468.34,20211260.78,22868201.95,22274370.76,24152412.21
45.5,20889979.01,21311684.53,24671275.98,22547313.98,20211311.09,22868541.72,22274714.99,24152099.02
46,20889855.36,21311775.71,24671343.1,22547155.5,20211367.09,22868880.98,22275062.81,24151778.9
46.5,20889737.94,21311865.95,24671411.75,22547005.46,20211415.08,22869222.28,22275411.81,24151465.13
47,20889624.53,21311957.37,24671478.93,22546852.62,20211466.75,22869564.96,22275756.33,24151151.54
47.5,20889506.2,21312046.36,24671544.15,22546697.87,20211518.74,22869902.24,22276101.62,24150833.44
48,20889386.81,21312142.76,24671609.46,22546544.8,20211571.03,22870240.04,22276449.76,24150514.3
48.5,20889268.75,21312232.56,24671676.59,22546396.55,20211622.14,22870576.95,22276798,24150197.54
49,20889153.48,21312322.56,24671743.5,22546235.16,20211674.78,22870918.51,22277145.95,24149881.38
49.5,20889033.93,21312418.45,24671812.11,22546085.07,20211728.66,22871255.71,22277496.15,24149568.98
50,20888913.94,21312506.86,24671874.57,22545933,20211777.77,22871598.32,22277839.98,24149252.33
50.5,20888793.7,21312600,24671942.91,22545779.34,20211827.38,22871935.37,22278184.28,24148936.8
51,20888677.24,21312690.36,24672008.96,22545625.67,20211881.72,22872277.08,22278529.2,24148617.31
51.5,20888563.54,21312777.54,24672073.56,22545475.55,20211931.63,22872614.32,22278875.12,24148303.63
52,20888441.94,21312871.4,24672137.99,22545319.92,20211984.96,22872952.74,22279226.4,24147984.51
52.5,20888325.98,21312963.93,24672204.1,22545169.36,20212038.73,22873291.45,22279570.61,24147668.16
53,20888206.31,21313056.34,24672273.59,22545016.71,20212087.96,22873632.09,22279919.13,24147352.89
53.5,20888089.65,21313152.7,24672341.36,22544862.8,20212142.77,22873971.44,22280262.74,24147032.97
54,20887970.08,21313241.3,24672406.36,22544709.64,20212192.68,22874310.86,22280617.63,24146719.05
54.5,20887852.6,21313329.67,24672472.34,22544563.43,20212243.35,22874652.23,22280958.43,24146404.72
55,20887737.82,21313424.89,24672546.02,22544406.04,20212296.05,22874990.07,22281309.19,24146089.25
55.5,20887615.57,21313516.48,24672604.98,22544254.52,20212345.7,22875329.83,22281652.84,24145774.63
56,20887498.42,21313608.2,24672675.03,22544098.1,20212396.47,22875667.22,22281998.5,24145454.02
56.5,20887381.92,21313698.79,24672740.75,22543947.61,20212453.79,22876008.92,22282349.75,24145142.05
57,20887263.4,21313796.38,24672804.52,22543794.35,20212503.57,22876345.04,22282695.82,24144822.03
57.5,20887147.33,21313884.76,24672874.06,22543641.07,20212556.97,22876690.68,22283041.56,24144504.17
58,20887031.19,21313976.38,24672939.02,22543488.71,20212610.56,22877024.72,22283389.2,24144192.76
58.5,20886906.33,21314069.01,24673005.66,22543334.4,20212660.8,22877365.19,22283734.89,24143875.36
59,20886794.67,21314161.59,24673077.3,22543182.72,20212714.27,22877704.35,22284084.48,24143555.39
59.5,20886672.92,21314252.08,24673140.49,22543033.46,20212761.4,22878043.27,22284432.88,24143242.03
60,20886557.51,21314343.13,24673210.16,22542879.18,20212816.9,22878382.43,22284777.09,24142921.16
60.5,20886437.95,21314433.96,24673273.23,22542727.13,20212867.96,22878724.47,22285128.04,24142607.7
61,20886318.01,21314529.04,24673341.94,22542573.9,20212920.85,22879062.51,22285475.23,24142290.32
61.5,20886203.78,21314627,24673411.65,22542420.17,20212971.3,22879402.57,22285822.34,24141975.34
62,20886084.92,21314721.08,24673474.63,22542273.01,20213027.71,22879743.47,22286168.35,24141656.82
62.5,20885971.02,21314806.85,24673544.73,22542119.72,20213077.8,22880079.63,22286515.76,24141344.4
63,20885852.43,21314902.37,24673611.74,22541965.22,20213132.87,22880421.61,22286862.53,24141029.5
63.5,20885729.37,21314994.32,24673676.08,22541814.35,20213181.21,22880760.19,22287210.06,24140711.97
64,20885615.89,21315088.27,24673746.33,22541663.21,20213236.14,22881101.33,22287556.82,24140393.04
64.5,20885497.71,21315180.98,24673809.26,22541509.37,20213284.74,22881439.65,22287903.23,24140077.43
65,20885380.32,21315273.46,24673874.68,22541355.47,20213337.82,22881777.36,22288248.02,24139759.94
65.5,20885260.95,21315367.21,24673945.42,22541202.26,20213390.41,22882117.44,22288600.38,24139447.38
66,20885144.79,21315457.18,24674013.14,22541052.74,20213445.1,22882458.78,22288943.72,24139132.02
66.5,20885029.5,21315547.84,24674080.1,22540903.48,20213499.23,22882799.37,22289294.7,24138810.41
67,20884912.07,21315642.57,24674147.46,22540750.03,20213549.71,22883133.41,22289640.16,24138501.81
67.5,20884795.26,21315736.5,24674212.71,22540594.72,20213600.53,22883472.91,22289990.38,24138179.89
68,20884675.29,21315828.34,24674284.73,22540445.15,20213654.12,22883815.96,22290334.29,24137862.79
68.5,20884556.67,21315918.33,24674353.41,22540291.02,20213705.17,22884155.61,22290684.26,24137546.3
69,20884440.08,21316013.07,24674413.8,22540134.34,20213763.6,22884489.81,22291031.18,24137233.5
69.5,20884321.53,21316105.75,24674482.06,22539988.81,20213811.04,22884834.76,22291379.5,24136918.58
70,20884205.83,21316198.74,24674549.72,22539836.21,20213868.09,22885171.61,22291724.65,24136601.4
70.5,20884090.71,21316293.8,24674617.33,22539683.39,20213918.09,22885512.29,22292073.4,24136286.66
71,20883972.61,21316384.62,24674683.82,22539533.85,20213971.97,22885854.69,22292420.98,24135966.65
71.5,20883853.28,21316475.68,24674755.43,22539380.17,20214021.45,22886192.02,22292769.68,24135650.63
72,20883738.89,21316569.45,24674822.27,22539230.42,20214073.14,22886533.65,22293117.35,24135336.15
72.5,20883621.65,21316661.77,24674889.17,22539075.49,20214124.13,22886872.26,22293467.04,24135023.53
73,20883500.09,21316759.87,24674952.24,22538925.41,20214182.62,22887209.73,22293810.55,24134701.93
73.5,20883387.12,21316846.98,24675022.74,22538772.64,20214236.01,22887550.29,22294158.86,24134388.84
74,20883268.62,21316943.9,24675092.82,22538622.83,20214286.54,22887885.8,22294506.82,24134074.64
74.5,20883149.58,21317033.78,24675163.06,22538469.04,20214335.58,22888226.83,22294856.57,24133758.19
75,20883037.36,21317130.1,24675225.86,22538315.17,20214396.73,22888565.74,22295206.61,24133441.52
75.5,20882919.72,21317221.47,24675292.14,22538166.98,20214447.25,22888907.71,22295555.56,24133126.28
76,20882800.28,21317317.94,24675359.59,22538012.04,20214501.18,22889245.47,22295902.31,24132814.02
76.5,20882682.81,21317410.43,24675430.2,22537860.58,20214552.36,22889588.7,22296248.19,24132497.42
77,20882570.91,21317504.23,24675494.56,22537707.85,20214605.36,22889928.76,22296598.37,24132184
77.5,20882447.46,21317596.94,24675558.06,22537559.99,20214659.44,22890266.63,22296947.15,24131866.27
78,20882334.17,21317692.37,24675634.44,22537407.85,20214711.04,22890600.74,22297293.64,24131549.59
78.5,20882221.71,21317782.31,24675695.15,22537256.75,20214762.29,22890945.63,22297645.02,24131236.23
79,20882101,21317876.19,24675764.4,22537105.53,20214818.11,22891284.92,22297995.29,24130919.31
79.5,20881985.78,21317971.42,24675826.27,22536952.48,20214872.14,22891621.28,22298342.44,24130601.61
80,20881867.81,21318064.2,24675901.62,22536798.92,20214922.78,22891966.09,22298687.15,24130285.74
80.5,20881749.98,21318156.65,24675963.92,22536644.66,20214974.75,22892303.76,22299035.21,24129970.9
81,20881634.15,21318249.48,24676034.37,22536493.52,20215031.32,22892645.77,22299387.74,24129660.98
81.5,20881519.2,21318345.31,24676100.33,22536340.67,20215084.23,22892980.96,22299738.7,24129345.24
82,20881402.01,21318440.44,24676169.04,22536189.04,20215138.09,22893322.83,22300089.32,24129028.96
82.5,20881283.88,21318530.42,24676238.98,22536039.7,20215190.17,22893661.53,22300432.23,24128711.24
83,20881168.4,21318623.53,24676301.74,22535889.03,20215243.62,22893997.48,22300783.49,24128400.19
83.5,20881050.33,21318719.19,24676365.42,22535733.33,20215298.65,22894336.42,22301132.65,24128084.4
84,20880934.9,21318811.5,24676439.23,22535583.71,20215350.27,22894681.18,22301483.9,24127765.61
84.5,20880818.04,21318902.78,24676504.44,22535429.65,20215401.65,22895017.71,22301829.34,24127456.41
85,20880699.16,21318999.93,24676568.68,22535275.78,20215456.84,22895356.16,22302179.88,24127139.53
85.5,20880584.94,21319095.49,24676638.4,22535127.75,20215509.72,22895696.63,22302530.6,24126823.11
86,20880466.76,21319189.18,24676705.89,22534977.14,20215563.37,22896034.69,22302879.72,24126510.12
86.5,20880350.19,21319280.89,24676776.01,22534823.71,20215622.46,22896371.23,22303227.53,24126194.66
87,20880235.87,21319373.94,24676842.29,22534671.8,20215673.79,22896713.6,22303573.69,24125881.09
87.5,20880118.76,21319468.43,24676908.56,22534521.47,20215721.57,22897054.7,22303926.58,24125565.29
88,20879999.66,21319560.74,24676974.14,22534366.15,20215774.39,22897393.53,22304275.04,24125250.54
88.5,20879885.79,21319657.71,24677040.29,22534214.46,20215830.08,22897732.36,22304620.99,24124932.53
89,20879768.92,21319750.95,24677112.48,22534065.7,20215887.21,22898073.67,22304971.01,24124622.28
89.5,20879657.42,21319844.6,24677180.61,22533915.31,20215935.84,22898408.19,22305322.43,24124308.49
90,20879538.82,21319938.44,24677241.01,22533762.74,20215992.33,22898752.76,22305671.74,24123991.01
90.5,20879426.12,21320034.1,24677315.36,22533612.42,20216045.95,22899091.7,22306020.87,24123679.97
91,20879305.66,21320129.75,24677385.16,22533459.58,20216098.77,22899428.44,22306369.62,24123359.53
91.5,20879190.32,21320221.22,24677449.68,22533311.2,20216153.14,22899771.18,22306719.85,24123049.49
92,20879075.98,21320314.92,24677513.39,22533152.7,20216204.16,22900107.01,22307067.69,24122735.34
92.5,20878957.95,21320414.45,24677588.28,22533006.31,20216260.02,22900450.26,22307419.65,24122417.71
93,20878839.26,21320505.38,24677650.19,22532854.46,20216317.72,22900787.32,22307768.99,24122108.08
93.5,20878725.66,21320601.22,24677721.33,22532703.15,20216370.59,22901129.55,22308116.64,24121791.05
94,20878610.87,21320693.79,24677790.64,22532554.6,20216417.33,22901467.17,22308468.51,24121472.03
94.5,20878493.45,21320786.72,24677855.91,22532398.94,20216478.57,22901805.34,22308814.38,24121157.1
95,20878377.31,21320880.92,24677927.69,22532248.83,20216531.28,22902144.38,22309162.7,24120848.25
95.5,20878262.22,21320976.66,24677995.35,22532097.96,20216584.18,22902485.23,22309515.2,24120531.07
96,20878149.04,21321069.77,24678063.89,22531944.75,20216637.56,22902826.11,22309862.17,24120219.5
96.5,20878033.4,21321166.66,24678131.1,22531795.04,20216688.71,22903163.69,22310212.08,24119903.45
97,20877916.82,21321257.64,24678196.23,22531646.02,20216745.06,22903505.9,22310564.2,24119589.66
97.5,20877799.74,21321354.86,24678270.92,22531493.75,20216799.56,22903845.85,22310909.21,24119272.27
98,20877681.24,21321453.31,24678335.28,22531340.89,20216856.6,22904184.8,22311262.93,24118957.65
98.5,20877566.25,21321543.42,24678405.32,22531189.85,20216909.19,22904522.07,22311613.04,24118643.73
99,20877448.86,21321640.77,24678473.78,22531038.83,20216962.09,22904864.7,22311959.88,24118325.95
99.5,20877334.58,21321734.1,24678536.2,22530887.06,20217015.74,22905204.96,22312310.71,24118010.58
100,20877215.73,21321826.07,24678608.12,22530736.59,20217071.17,22905544.1,22312660.87,24117697.14
100.5,20877102.96,21321925.02,24678678.23,22530588.3,20217124.38,22905881.35,22313010.16,24117383.23
101,20876987.18,21322016.99,24678744.01,22530436.28,20217180.08,22906224.96,22313361.39,24117069.56
101.5,20876867.58,21322116.31,24678812.44,22530284.61,20217232.83,22906565.42,22313710.63,24116754.51
102,20876751.76,21322210.6,24678878.14,22530128.74,20217287.1,22906900.47,22314057.63,24116441.36
102.5,20876634.23,21322302.73,24678950.14,22529984.09,20217338.99,22907244.03,22314406.71,24116125.34
103,20876520.45,21322398.66,24679018.59,22529837.39,20217394.23,22907583.9,22314756.87,24115811.73
103.5,20876409.99,21322496.87,24679086.83,22529679.13,20217449.68,22907923.02,22315105.6,24115497.6
104,20876292.59,21322588.56,24679155.54,22529533.48,20217504.39,22908261.15,22315457.86,24115180.33
104.5,20876175.9,21322681.43,24679220.48,22529380.56,20217555.52,22908598.17,22315807.2,24114864.48
105,20876061.1,21322778.21,24679296.02,22529232.71,20217615.85,22908937.26,22316156.45,24114551.34
105.5,20875943.6,21322875.15,24679360.01,22529076.15,20217668.8,22909280.53,22316505.42,24114238.66
106,20875832.8,21322970.76,24679426.8,22528932.73,20217720.88,22909619.72,22316857.83,24113925.69
106.5,20875712.93,21323057.72,24679497.29,22528774.5,20217771.91,22909958.63,22317206.06,24113607.38
107,20875596.88,21323156.63,24679564.51,22528629.64,20217829.92,22910296.15,22317560.96,24113297.05
107.5,20875482.48,21323254.25,24679635.1,22528476.24,20217880.63,22910642.09,22317902.21,24112978.3
108,20875370,21323347.18,24679706.72,22528325.55,20217940.29,22910979.6,22318257.57,24112668.62
108.5,20875253.08,21323444.05,24679779,22528173.96,20217992.83,22911315.92,22318607.5,24112354.95
109,20875134.81,21323541.05,24679841.04,22528019,20218049.81,22911659.37,22318955.72,24112035.03
109.5,20875021.1,21323639.3,24679909.26,22527875.89,20218099,22911997.79,22319309.36,24111718.82
110,20874907.03,21323731.93,24679980.17,22527721.72,20218156.36,22912336.08,22319656.15,24111406.13
110.5,20874789.11,21323829.74,24680046.78,22527575.52,20218211.36,22912678.63,22320006.6,24111091.53
111,20874672.78,21323918.38,24680118.55,22527417.33,20218265.59,22913018.42,22320355.28,24110778.37
111.5,20874556.06,21324019.97,24680189.23,22527273.99,20218317.03,22913359.16,22320704.24,24110461.88
112,20874443.12,21324111.79,24680251.96,22527120.4,20218372.8,22913700.03,22321055.27,24110148.43
112.5,20874325.15,21324211.04,24680321.22,22526972.19,20218429.51,22914038.03,22321407.25,24109834.51
113,20874210.76,21324304.3,24680394.93,22526822.73,20218486.31,22914381.54,22321754.56,24109519.65
113.5,20874100.89,21324397.65,24680460.58,22526675.23,20218542.15,22914720.06,22322107.33,24109200.66
114,20873980.9,21324496.69,24680532.53,22526520.66,20218593.72,22915053.28,22322453.99,24108886.1
114.5,20873867.29,21324591.21,24680604.09,22526367.72,20218650.68,22915397.82,22322803.4,24108572.82
115,20873748.84,21324686.42,24680672.93,22526222.37,20218703.39,22915738.97,22323154.18,24108257.09
115.5,20873636.85,21324787.1,24680740.18,22526068.76,20218757.67,22916076.08,22323500.3,24107941.6
116,20873526.21,21324877.89,24680812.23,22525921.61,20218812.32,22916419.61,22323853.75,24107624.75
116.5,20873404.8,21324972.87,24680880.72,22525771.01,20218869.87,22916757.5,22324202.14,24107312.49
117,20873292.68,21325070.56,24680953.07,22525621.72,20218923.92,22917099.76,22324553.63,24106998.25
117.5,20873176.6,21325166.42,24681022,22525469.38,20218981.06,22917439.98,22324904.47,24106683.76
118,20873056.03,21325263.45,24681093.58,22525323.77,20219031.88,22917777.72,22325251.98,24106371
118.5,20872946.13,21325360.38,24681161.84,22525173.25,20219086.77,22918121.03,22325598.86,24106048.54
119,20872827.77,21325452.23,24681232.93,22525022.28,20219139.9,22918458.58,22325949.31,24105734.51
119.5,20872714.45,21325555.59,24681301.83,22524872.44,20219196.2,22918800.17,22326300.49,24105421.27
120,20872599.37,21325648.32,24681370.72,22524723.9,20219258,22919137.96,22326650.97,24105105.65
120.5,20872485.35,21325742.99,24681440.4,22524575.11,20219307.48,22919480.48,22326996.71,24104788.51
121,20872370.27,21325843.54,24681516.41,22524427.3,20219363.65,22919822.52,22327349.07,24104474.3
121.5,20872253.52,21325935.75,24681584.6,22524277.26,20219421.83,22920157.8,22327698.93,24104160.6
122,20872136.21,21326033.42,24681651.66,22524126.91,20219475.84,22920502.22,22328047.28,24103840.86
122.5,20872019.82,21326128.39,24681726.88,22523978.26,20219526.03,22920838.08,22328397.49,24103525.76
123,20871908.9,21326224.36,24681794.12,22523830.24,20219583.15,22921181.57,22328743.11,24103213.19
123.5,20871791.46,21326318.16,24681863.23,22523676.95,20219639.45,22921526.98,22329093.09,24102896.99
124,20871675.73,21326421.04,24681935.21,22523528.8,20219691.56,22921863.25,22329444.67,24102580.24
124.5,20871564.64,21326513.2,24682006.72,22523382.09,20219746.69,22922210.02,22329795.51,24102268.09
125,20871447.67,21326608.16,24682077.21,22523232.17,20219805.33,22922543.95,22330143.77,24101947.94
125.5,20871333.11,21326701.97,24682149.07,22523082.76,20219860.6,22922883.47,22330493.41,24101632.16
126,20871217.53,21326804.87,24682219.03,22522934.26,20219914.4,22923224.62,22330843.17,24101316.15
126.5,20871104.05,21326899.34,24682295.92,22522783.25,20219970.3,22923565.89,22331193.8,24101000.06
127,20870990.06,21326997.81,24682361.5,22522635.86,20220026.97,22923907,22331540.85,24100687.2
127.5,20870871.31,21327093.93,24682434.98,22522487.6,20220082.4,22924250.85,22331889.4,24100372.58
128,20870758.97,21327188.61,24682504.87,22522335.19,20220135.99,22924584.99,22332242.28,24100057.74
128.5,20870642.87,21327286.66,24682570.66,22522187.46,20220192.96,22924926.36,22332589,24099741.39
129,20870532.93,21327386.92,24682644.84,22522041.96,20220244.99,22925269.55,22332938.29,24099423.76
129.5,20870413.27,21327480.26,24682718.28,22521892.75,20220303.75,22925610.44,22333289.01,24099111
130,20870297.23,21327574.46,24682784.89,22521742.81,20220359.66,22925947.67,22333639.76,24098794.07
130.5,20870186.19,21327675.25,24682856.21,22521594.66,20220412.87,22926289.86,22333989.06,24098479.67
131,20870065.69,21327769.49,24682929.72,22521446.88,20220469.19,22926634.08,22334339,24098167.25
131.5,20869953.78,21327869.99,24683001.53,22521294.72,20220523.28,22926973.29,22334687.02,24097849.15
132,20869839.43,21327964.03,24683074.22,22521148.37,20220578.04,22927310.65,22335040.01,24097533.87
132.5,20869721.47,21328058.83,24683148.65,22520998.89,20220634.8,22927655.63,22335387.73,24097216.78
133,20869613.34,21328154.76,24683211.82,22520852.93,20220693.07,22927993.12,22335737.34,24096902.57
133.5,20869496,21328257.72,24683287.22,22520700.35,20220748.96,22928335.76,22336087.78,24096584.97
134,20869381.49,21328349.52,24683358.31,22520550.95,20220807.14,22928678.9,22336434.32,24096270.8
134.5,20869268.35,21328448.95,24683431.54,22520401.14,20220857.95,22929018.31,22336781.32,24095953.7
135,20869149.93,21328543.35,24683500.6,22520252.6,20220912.12,22929354.77,22337138.41,24095639.28
135.5,20869035.94,21328645.07,24683568.79,22520108.55,20220966.34,22929701.09,22337486.93,24095323.23
136,20868920.94,21328742.31,24683641.55,22519958.7,20221026.93,22930041.27,22337838.25,24095009.89
136.5,20868806.89,21328839.39,24683714.51,22519810.53,20221082.96,22930379.22,22338187.21,24094697.58
137,20868691.31,21328931.95,24683786.77,22519661.18,20221140.98,22930719.83,22338541.53,24094382.45
137.5,20868578.99,21329031.95,24683856.2,22519510.07,20221192.87,22931060.9,22338882.12,24094062.35
138,20868462.44,21329128.29,24683927.87,22519364.93,20221251.46,22931400.92,22339240.97,24093753.87
138.5,20868349.61,21329225.16,24684001.53,22519215.35,20221302.51,22931740.73,22339584.49,24093430.87
139,20868234.09,21329322.85,24684072.07,22519064.27,20221359.21,22932084.89,22339937.67,24093118.93
139.5,20868119.83,21329423.08,24684147.66,22518919.93,20221415.57,22932422.79,22340284.57,24092803.07
140,20868004.97,21329517.84,24684213.52,22518769.02,20221474.19,22932762.08,22340637.16,24092486.48
140.5,20867893.98,21329613.77,24684287.65,22518620.05,20221529.74,22933108.71,22340987.32,24092171.35
141,20867776.08,21329716.36,24684358.39,22518472.19,20221584.49,22933444.28,22341335.25,24091852.19
141.5,20867661.72,21329811.88,24684432.89,22518325.64,20221642.52,22933785.57,22341691.92,24091537.03
142,20867546.03,21329911.58,24684500.71,22518176.04,20221697.42,22934126.29,22342037.77,24091224.44
142.5,20867434.32,21330006.19,24684577.14,22518030.55,20221755.79,22934465.43,22342385.49,24090907.84
143,20867316.25,21330107.61,24684647.86,22517882.67,20221808.92,22934811.23,22342736.87,24090595.25
143.5,20867205.94,21330205.33,24684718.22,22517729.5,20221865.24,22935150.28,22343091.86,24090276.48
144,20867089.72,21330297.36,24684791.45,22517583.67,20221918.31,22935492.14,22343436.07,24089961.34
144.5,20866974.72,21330395.87,24684861.44,22517435.98,20221976.2,22935834.08,22343786.69,24089647.96
145,20866863.55,21330497.79,24684934.48,22517291.44,20222033.41,22936171.12,22344135.83,24089330.05
145.5,20866746.96,21330591.25,24685006.51,22517140.76,20222090.2,22936512.69,22344491.67,24089016.91
146,20866630.65,21330690.52,24685078.1,22516991.37,20222149.02,22936855.46,22344839.87,24088700.79
146.5,20866517.88,21330786.59,24685149.47,22516844.84,20222199.34,22937195.92,22345190.95,24088386.38
147,20866405.58,21330889.07,24685222,22516696.36,20222257.88,22937534.54,22345536.49,24088070.5
147.5,20866292.75,21330985.21,24685292.39,22516549.39,20222314.67,22937876.01,22345888.61,24087752.71
148,20866175.62,21331082.44,24685366.5,22516397.8,20222372.18,22938213.08,22346240.17,24087437.2
148.5,20866061.2,21331184.05,24685441.08,22516252.85,20222427.19,22938558.48,22346588.63,24087125.04
149,20865948.17,21331281.15,24685510.19,22516103.32,20222482.63,22938902.81,22346939.73,24086807.27
149.5,20865837.48,21331373.19,24685581.58,22515954.44,20222540.72,22939239.96,22347287.08,24086495.24
150,20865722.97,21331471.65,24685651.44,22515809.09,20222599.33,22939584.02,22347641.78,24086179.48
150.5,20865607.53,21331569.39,24685730.81,22515661.01,20222655,22939919.98,22347992.72,24085866.04
151,20865492.23,21331672.66,24685798.64,22515514.45,20222710.85,22940264.06,22348341.35,24085547.3
151.5,20865381.78,21331771.26,24685872.28,22515361.66,20222766.3,22940603.68,22348692.42,24085231.01
152,20865265.79,21331868.28,24685941.22,22515220.97,20222823.93,22940943.59,22349045.14,24084920.12
152.5,20865150.08,21331966.45,24686017.69,22515065.06,20222880.67,22941284.81,22349394.27,24084602.07
153,20865036.34,21332062.98,24686087.54,22514920.56,20222940.49,22941624.11,22349746.54,24084290.67
153.5,20864922.67,21332161.5,24686157.5,22514775.18,20222995.91,22941966.68,22350103.17,24083972.8
154,20864809.33,21332260.13,24686232.71,22514624.88,20223046.23,22942307.41,22350448.28,24083660.26
154.5,20864695.95,21332359.39,24686299.74,22514473.85,20223104.36,22942645.8,22350804.6,24083346.5
155,20864580.84,21332456.62,24686372.85,22514332.64,20223160.47,22942989.3,22351150.57,24083031.64
155.5,20864465.81,21332556.85,24686448.19,22514183.24,20223216.27,22943329.4,22351503.91,24082716.3
156,20864355.77,21332652.4,24686518.8,22514033.65,20223276.94,22943670.11,22351853.28,24082403.88
156.5,20864243.02,21332754.49,24686589.37,22513889.2,20223335.61,22944010.17,22352200.27,24082091.03
157,20864129.97,21332848.63,24686662.7,22513737.56,20223388.76,22944348.71,22352555.15,24081771.93
157.5,20864015.96,21332949.49,24686733.89,22513592.82,20223446.66,22944693.04,22352907.05,24081456.99
158,20863901.04,21333044.09,24686806.78,22513443.77,20223504.87,22945032.67,22353257.45,24081143.66
158.5,20863785.11,21333147.19,24686880.95,22513293.4,20223557.7,22945377.06,22353608.09,24080828.44
159,20863678.23,21333243.24,24686952.52,22513144.65,20223614.25,22945714.92,22353961.56,24080516.26
159.5,20863562.84,21333342.46,24687019.17,22513002.26,20223677.55,22946055.12,22354310.32,24080201.1
160,20863447.96,21333441.55,24687094.71,22512851.09,20223733.25,22946397.91,22354666.09,24079888.45
160.5,20863332.62,21333539.81,24687164.16,22512701.32,20223790.3,22946737.05,22355013.9,24079573.26
161,20863219.6,21333637.92,24687241.72,22512553.97,20223846.26,22947077.37,22355369.01,24079261.67
161.5,20863107.5,21333734.41,24687310.59,22512407.31,20223899.51,22947421.07,22355720.72,24078946.65
162,20862992.25,21333836.16,24687383.35,22512261.24,20223957.93,22947757.47,22356071.21,24078633.99
162.5,20862880.86,21333937.05,24687454.83,22512112.17,20224016.93,22948100.43,22356423.22,24078319.55
163,20862768.33,21334031.55,24687527.6,22511961.33,20224075.19,22948439.56,22356778.68,24078005.88
163.5,20862653.95,21334134.9,24687600.57,22511819.33,20224130.22,22948786.43,22357124.9,24077688.76
164,20862542.15,21334230.49,24687671.79,22511670.46,20224188.31,22949122.87,22357479.2,24077379.97
164.5,20862430.79,21334329.61,24687741.54,22511521.14,20224243.1,22949465.29,22357832.15,24077062.21
165,20862314.35,21334429.86,24687814.62,22511372.54,20224304.1,22949803.94,22358185.21,24076749.8
165.5,20862204.35,21334528.08,24687886.57,22511221.71,20224358.29,22950147.71,22358534.63,24076437.06
166,20862090.63,21334628.15,24687961.18,22511080.83,20224418.05,22950486.18,22358888.28,24076121.46
166.5,20861978.49,21334729.55,24688032.32,22510930.97,20224474.19,22950825.88,22359238.22,24075803.74
167,20861861.27,21334826.36,24688102.06,22510783.87,20224531.28,22951170.59,22359589.57,24075492.23
167.5,20861751.65,21334926.48,24688175.39,22510633.7,20224586.49,22951509.35,22359942.48,24075178.49
168,20861638.8,21335026.28,24688246.39,22510490.67,20224644.65,22951845.3,22360296.59,24074865.99
168.5,20861522.78,21335125.77,24688321.73,22510336.26,20224703.06,22952188.93,22360646.88,24074550.01
169,20861412.82,21335223.9,24688389.43,22510194.46,20224762.17,22952531.53,22360996.66,24074239.77
169.5,20861298.03,21335320.65,24688464.57,22510047.68,20224816.42,22952873.53,22361346.94,24073923.98
170,20861184.02,21335423.48,24688537.12,22509894.52,20224876.51,22953210.61,22361704.74,24073609.42
170.5,20861070.44,21335516.88,24688606.01,22509749.54,20224929.25,22953551.08,22362056.37,24073291.05
171,20860958.24,21335619.78,24688678.86,22509602.85,20224988.93,22953893.64,22362409.26,24072979.64
171.5,20860844.69,21335716.13,24688756.48,22509452.01,20225047.87,22954234.86,22362759.95,24072671.77
172,20860730.51,21335818.45,24688825.24,22509312.32,20225105.88,22954577.56,22363108.96,24072351.52
172.5,20860617.63,21335916.22,24688900.36,22509159.24,20225165.06,22954918.2,22363464.47,24072041.52
173,20860507,21336018.48,24688973.15,22509013.31,20225220.3,22955258.49,22363819.84,24071725.65
173.5,20860396.62,21336116.46,24689041.44,22508868.19,20225277.76,22955594.83,22364167.3,24071416.02
174,20860281.98,21336214.71,24689123.19,22508721.35,20225335.53,22955939.23,22364518.71,24071097.55
174.5,20860168.23,21336314.86,24689193.38,22508571.67,20225391.02,22956278.88,22364872.96,24070783.84
175,20860060.35,21336412.52,24689267.02,22508422.74,20225448.58,22956619.29,22365228.52,24070473.75
175.5,20859942.17,21336516.85,24689337.75,22508273.37,20225509.76,22956958.02,22365575.71,24070159.45
176,20859832.76,21336614.35,24689408.99,22508132.56,20225562.42,22957302.33,22365929.6,24069844.33
176.5,20859719.98,21336718.05,24689482.03,22507984.25,20225622.46,22957640.84,22366280.23,24069528.01
177,20859604.68,21336815.72,24689553.57,22507836.64,20225680.12,22957984.6,22366634.64,24069213.44
177.5,20859491.98,21336912.09,24689628.31,22507691.01,20225732.69,22958325,22366987.36,24068902.28
178,20859379.74,21337014.96,24689702.92,22507541.28,20225795.58,22958668.91,22367338.85,24068586.83
178.5,20859268.66,21337114.39,24689772.22,22507397.12,20225854.98,22959008.33,22367690.8,24068271.29
179,20859153.97,21337210.95,24689847.77,22507244.44,20225914.78,22959346.76,22368041.06,24067959.69
179.5,20859042.01,21337317.58,24689919.04,22507099.33,20225967.59,22959690.95,22368397.46,24067646.31
180,20858925.21,21337411.22,24689992.06,22506954.24,20226028,22960030.54,22368751.6,24067333.91
180.5,20858815.76,21337510.48,24690067.52,22506809.12,20226084.68,22960368.8,22369099.65,24067019.4
181,20858704.19,21337610.72,24690141.03,22506659.76,20226142.89,22960713.08,22369450.41,24066706.37
181.5,20858592.29,21337713.75,24690212,22506515.08,20226205.12,22961050.43,22369804.65,24066389.91
182,20858478.87,21337812.99,24690284.87,22506368,20226257.67,22961391.59,22370158.11,24066073.35
182.5,20858367.25,21337912.38,24690360.09,22506220.73,20226319.15,22961735.58,22370511.88,24065766.31
183,20858253.78,21338009.58,24690432.58,22506073.68,20226375.84,22962073.67,22370863.01,24065450.82
183.5,20858145.07,21338117.61,24690504.1,22505926.93,20226434.19,22962418.14,22371218.87,24065137.25
184,20858023.73,21338212.54,24690580.11,22505781,20226492.98,22962759.35,22371567.02,24064823.06
184.5,20857921.89,21338313.35,24690651.46,22505636.39,20226548.55,22963099.42,22371921.63,24064511.75
185,20857806.85,21338414.39,24690725.2,22505482.98,20226605.1,22963439.94,22372268.95,24064195.3
185.5,20857697.22,21338511.33,24690795.64,22505342.6,20226667.73,22963781.54,22372625.92,24063880.06
186,20857581.31,21338611.86,24690870.13,22505192.01,20226724.6,22964120.47,22372981.12,24063567
186.5,20857473.74,21338715.85,24690945.23,22505045.14,20226787.94,22964466.02,22373331.91,24063259.53
187,20857355.11,21338816.02,24691020.8,22504902.29,20226840.24,22964803.01,22373681.36,24062939.47
187.5,20857246.12,21338914.88,24691093.21,22504753.54,20226899.16,22965145.37,22374039.72,24062628.2
188,20857132.77,21339018.34,24691164.24,22504607.5,20226958.99,22965489.23,22374388.76,24062312.38
188.5,20857016.69,21339114.43,24691242.68,22504460.8,20227014.66,22965825.26,22374738.96,24062004.12
189,20856906.84,21339218.57,24691310.16,22504313.89,20227074.23,22966171.99,22375093.42,24061686.61
189.5,20856795.31,21339315.73,24691389.52,22504165.95,20227133.37,22966511.18,22375447.91,24061375.09
190,20856682.27,21339416.6,24691464.85,22504022.89,20227187.34,22966850.64,22375800.51,24061062.47
190.5,20856571.58,21339516.68,24691533.25,22503880.64,20227252.09,22967190.2,22376151.37,24060739.75
191,20856457.25,21339620.56,24691609.75,22503734.52,20227306.61,22967535.62,22376502.45,24060431.18
191.5,20856347.08,21339716.15,24691682.79,22503585.28,20227367.12,22967876.22,22376855.52,24060115.06
192,20856231.36,21339820.13,24691760.69,22503441.26,20227423.19,22968218.27,22377207,24059803.58
192.5,20856119.52,21339921.15,24691826.72,22503289.95,20227481.89,22968555.59,22377559.28,24059488.55
193,20856013.89,21340014.41,24691910.38,22503148.09,20227541.18,22968903.16,22377918.53,24059175.96
193.5,20855893.62,21340121.14,24691980.7,22503002.91,20227600.52,22969237.4,22378266.1,24058861.02
194,20855785.05,21340223.31,24692052.19,22502853.84,20227654.85,22969580.81,22378618.69,24058541.72
194.5,20855675.05,21340324.81,24692127.48,22502709.56,20227714.69,22969928.03,22378972.63,24058230.86
195,20855563.89,21340427.52,24692205.27,22502563.05,20227772.34,22970266.47,22379326.1,24057915.5
195.5,20855446.3,21340522.24,24692276.86,22502420.88,20227830.93,22970607.18,22379672.76,24057603.23
196,20855336.68,21340625.5,24692353.01,22502272.92,20227890.39,22970946.85,22380030.42,24057286.71
196.5,20855230.32,21340725.81,24692428.56,22502126.46,20227949.19,22971293.04,22380380.1,24056972.76
197,20855110.99,21340831.27,24692507.47,22501980.96,20228014.07,22971634.04,22380735.62,24056660.59
197.5,20855002.69,21340925.56,24692578.31,22501835.56,20228069.3,22971975.38,22381086.06,24056345.61
198,20854890.37,21341031.09,24692656.95,22501687.41,20228125.86,22972314.83,22381438.5,24056029.91
198.5,20854778.12,21341133.48,24692729.18,22501543.25,20228183.92,22972660.99,22381789.43,24055714.87
199,20854666.63,21341232.53,24692798.75,22501400.35,20228246.32,22972994.91,22382141.57,24055398.9
199.5,20854551.24,21341334.14,24692881.95,22501255.05,20228305.62,22973342.67,22382492.21,24055085.35
200,20854442.14,21341432.97,24692951.96,22501110.71,20228361.96,22973686.15,22382848.1,24054768.89
200.5,20854328.55,21341540.41,24693025.25,22500966.6,20228422.97,22974024.31,22383198.52,24054455.45
201,20854219.12,21341637.78,24693106.75,22500814.2,20228480.91,22974367.16,22383548.07,24054141.42
201.5,20854107.59,21341740.98,24693178.55,22500672.92,20228541.49,22974708.57,22383901.43,24053825.54
202,20853992.5,21341844.07,24693255.77,22500529.46,20228597.5,22975050.75,22384250.69,24053512.62
202.5,20853884.98,21341940.44,24693327.7,22500384.41,20228655.99,22975391.33,22384606.26,24053197.71
203,20853772.34,21342046.86,24693403.36,22500235.54,20228715.13,22975729.05,22384958.24,24052885.02
203.5,20853658.97,21342146.29,24693482.48,22500095.22,20228771.57,22976076.27,22385309.59,24052568.88
204,20853544.76,21342245.36,24693551.82,22499947.51,20228831.22,22976419.08,22385663.17,24052252.41
204.5,20853435.58,21342349.41,24693632.19,22499804.41,20228892.08,22976758.7,22386015.27,24051939.3
205,20853325.21,21342452.26,24693708.22,22499657.13,20228953.84,22977096.08,22386368.43,24051623.64
205.5,20853211.47,21342550.58,24693782.81,22499510.97,20229006.22,22977443.57,22386719.54,24051309.32
206,20853102.37,21342654.32,24693859.9,22499371.54,20229067.23,22977785.98,22387070.08,24050993.12
206.5,20852988.8,21342751.58,24693932.13,22499224.21,20229126.53,22978129.55,22387419.68,24050679.59
207,20852874.6,21342857.35,24694007.5,22499079.16,20229187.08,22978470.98,22387779.47,24050365.57
207.5,20852763.93,21342957.68,24694086.4,22498929.57,20229248.07,22978811.13,22388129.97,24050051.91
208,20852651.28,21343062.81,24694160.11,22498791.99,20229303.27,22979153.28,22388482.28,24049733.5
208.5,20852538.75,21343163.02,24694239.11,22498643.99,20229366.9,22979494.61,22388833.47,24049424.04
209,20852428.38,21343263.05,24694315.87,22498501.07,20229419.8,22979835.33,22389185.99,24049105.58
209.5,20852318.81,21343364.94,24694389.95,22498353.66,20229483.87,22980177.06,22389538.61,24048790.12
210,20852204.82,21343466.74,24694466.81,22498208.65,20229545.58,22980520.3,22389890.39,24048478.91
210.5,20852094.59,21343572.01,24694541.9,22498063.05,20229598.95,22980858.29,22390244.59,24048164.55
211,20851983.51,21343670.39,24694616.23,22497920.39,20229661.45,22981204.14,22390596.49,24047848.66
211.5,20851871.02,21343772.35,24694695.23,22497780.02,20229724.13,22981547.83,22390946.51,24047531.71
212,20851760.38,21343876.05,24694769,22497633.81,20229778.37,22981890.42,22391303.84,24047219.12
212.5,20851645.55,21343979.03,24694843.94,22497485.12,20229842.85,22982232.85,22391655.46,24046904.44
213,20851535.03,21344082.14,24694918.31,22497339.89,20229901.8,22982572.67,22392006.6,24046591.03
213.5,20851424.81,21344185.48,24694997.04,22497196.33,20229958.14,22982917.83,22392361.55,24046274.37
214,20851312.91,21344285.7,24695071.03,22497054.45,20230016.37,22983255.71,22392709.03,24045958.88
214.5,20851200.85,21344387.28,24695149.4,22496906.61,20230077.08,22983596.62,22393066.4,24045649.39
215,20851095.12,21344490.86,24695224.13,22496765.42,20230139.9,22983935.07,22393418.61,24045332.62
215.5,20850980.21,21344590.44,24695298.94,22496616,20230198.25,22984279.11,22393769.44,24045015.4
216,20850869.39,21344694.79,24695374.53,22496479.54,20230258.25,22984620.8,22394120.44,24044707.45
216.5,20850760.47,21344796.82,24695455.2,22496331.46,20230319.22,22984963.36,22394474.71,24044389.22
217,20850647.89,21344897.46,24695533.18,22496185.52,20230377.25,22985307.84,22394829.05,24044072.27
217.5,20850533.65,21344999.73,24695603.83,22496043.72,20230437.16,22985651.24,22395184.27,24043761.07
218,20850421.39,21345099.53,24695683.99,22495897.92,20230497.71,22985996.15,22395533.32,24043443.92
218.5,20850311.93,21345208.39,24695757.85,22495752.86,20230550.78,22986330.67,22395882.93,24043129.69
219,20850200.22,21345305.1,24695837.7,22495606.75,20230616.31,22986676.95,22396238.19,24042816.26
219.5,20850091.86,21345411.58,24695914.12,22495467.4,20230669.83,22987017.76,22396592.4,24042503.56
220,20849979.52,21345514.39,24695988.7,22495323.41,20230734.01,22987362.34,22396948.01,24042187.21
220.5,20849869.71,21345617.64,24696062.58,22495178.24,20230793.5,22987703.82,22397297.05,24041875.54
221,20849757.03,21345723.75,24696141.41,22495032.74,20230849.65,22988046.96,22397651.31,24041555.11
221.5,20849645.59,21345825.28,24696215.85,22494889.96,20230913.7,22988390.4,22398000.97,24041242.27
222,20849534.5,21345925.49,24696291.94,22494742.42,20230976.08,22988726.8,22398354.53,24040927.72
222.5,20849421.25,21346024.83,24696369.7,22494600.13,20231033.23,22989070.17,22398707.3,24040614.27
223,20849314.98,21346129.77,24696445.27,22494450.94,20231092.02,22989412.94,22399060.72,24040300.02
223.5,20849203.01,21346233.36,24696525.51,22494311.21,20231155.91,22989755.75,22399412.94,24039987.64
224,20849090.21,21346336.65,24696600.03,22494166.32,20231213.71,22990098.13,22399769.78,24039671.26
224.5,20848978.51,21346436.85,24696678.25,22494024.81,20231273,22990443.74,22400122.7,24039361.34
225,20848866.85,21346539.35,24696754.88,22493878.65,20231329.12,22990780.79,22400472.77,24039040.03
225.5,20848754.56,21346646.32,24696834.43,22493735.77,20231387.45,22991123.16,22400829.87,24038730.73
226,20848647.33,21346749.56,24696909.49,22493590.48,20231452.06,22991467.84,22401178.78,24038416.62
226.5,20848534.16,21346853.16,24696982.01,22493449.94,20231513.04,22991807.73,22401530.42,24038098.05
227,20848425.51,21346955.13,24697060.84,22493305.61,20231574.79,22992152.2,22401884.97,24037786.71
227.5,20848313.88,21347058.89,24697136.21,22493161.72,20231633.03,22992492.64,22402235.94,24037466.56
228,20848203.56,21347160.19,24697213.28,22493017.31,20231693.55,22992835.69,22402591.79,24037156.38
228.5,20848089.98,21347264.97,24697294.66,22492872.78,20231752.99,22993178.56,22402945.76,24036844.15
229,20847980.73,21347364.89,24697367.73,22492729.17,20231812.31,22993519.45,22403294.92,24036527.13
229.5,20847870.11,21347470.45,24697445.6,22492583.8,20231874,22993859.16,22403649.63,24036215
230,20847758.2,21347573.15,24697524.2,22492441.56,20231930.18,22994204.61,22404001.76,24035900.9
230.5,20847649.3,21347673.44,24697596.05,22492297.85,20231994.33,22994547.18,22404359.1,24035584.28
231,20847535.94,21347778.48,24697676.33,22492152.06,20232053.7,22994884.55,22404713.16,24035274.96
231.5,20847427.62,21347881.44,24697748.15,22492010.26,20232116.29,22995230.13,22405065.28,24034961.39
232,20847317.88,21347988.62,24697827.74,22491866.24,20232175.54,22995568.07,22405421.73,24034647.39
232.5,20847211.52,21348086.82,24697905.41,22491723.99,20232236.46,22995915.98,22405775.08,24034331.03
233,20847098.2,21348186.92,24697979.73,22491580.71,20232292.62,22996257.36,22406128.78,24034018.25
233.5,20846988.88,21348295.66,24698055.31,22491432.8,20232354.84,22996598.71,22406482.32,24033705.05
234,20846871.16,21348399.1,24698132.76,22491291.72,20232416.17,22996939.55,22406836.13,24033395.98
234.5,20846766.5,21348503.66,24698209.42,22491144.81,20232481.01,22997282.01,22407189.12,24033076.5
235,20846655.85,21348604.87,24698289.57,22491005.28,20232538.27,22997622.66,22407541.62,24032765.96
235.5,20846547.26,21348707.82,24698368.64,22490860.91,20232600.73,22997968.22,22407897.9,24032446.58
236,20846434.06,21348812.56,24698442.21,22490713.81,20232657.24,22998308.62,22408249.73,24032139.89
236.5,20846325.86,21348921.91,24698521.03,22490571.93,20232716.5,22998647.46,22408605.28,24031822.95
237,20846218.06,21349021.08,24698595.66,22490431.93,20232779.14,22998992,22408960.17,24031513.35
237.5,20846102.63,21349125.46,24698673.23,22490283.2,20232839.7,22999334.83,22409317.92,24031199.21
238,20845992.78,21349227.69,24698747.26,22490141.54,20232903.22,22999676.16,22409669.85,24030881.42
238.5,20845883.45,21349330.87,24698821.33,22489994.18,20232962.81,23000018.04,22410021.24,24030571.79
239,20845773.1,21349431.64,24698903.76,22489849.49,20233021.32,23000360.38,22410378.57,24030257.5
239.5,20845662.89,21349537.3,24698976.53,22489709.01,20233084.4,23000700.64,22410731.98,24029941.63
240,20845553.09,21349638.21,24699055.16,22489565.98,20233143.34,23001041.4,22411085.31,24029632.33
240.5,20845446.08,21349743.92,24699130.19,22489423.8,20233203.55,23001384.98,22411441.45,24029318.9
241,20845337,21349851.68,24699208.98,22489282.45,20233270.37,23001726.99,22411793.84,24029005.62
241.5,20845226.08,21349953.16,24699283.43,22489133.31,20233327.15,23002066.98,22412151.52,24028693.86
242,20845111.37,21350055.57,24699361.15,22488987.84,20233385.22,23002410.46,22412505.3,24028379.67
242.5,20845003.19,21350160.61,24699436.9,22488845.99,20233447.9,23002751.25,22412861.37,24028068.53
243,20844891.8,21350267.34,24699517.66,22488702.41,20233510.14,23003095.04,22413216.83,24027756.14
243.5,20844781.71,21350366.26,24699593.2,22488557.25,20233569.47,23003438.04,22413567.91,24027436.33
244,20844670.91,21350472.43,24699670.07,22488416.79,20233630.95,23003781.76,22413923.44,24027128.72
244.5,20844561.29,21350575.93,24699748.64,22488271.15,20233688.96,23004123.26,22414280.95,24026812.77
245,20844452.42,21350681.31,24699822.5,22488130.62,20233749.1,23004466.81,22414630.94,24026505.05
245.5,20844344.65,21350782.2,24699898.49,22487986.76,20233815.34,23004804,22414990.08,24026190.15
246,20844238.46,21350887.27,24699977.75,22487841.34,20233872.02,23005148.63,22415342.48,24025874.92
246.5,20844125.8,21350996.19,24700056.36,22487695.47,20233934.07,23005488.27,22415694.99,24025563.67
247,20844014.53,21351095.27,24700128.32,22487556.27,20233996.45,23005833.91,22416051.81,24025248.14
247.5,20843907.06,21351199.54,24700212.49,22487411.08,20234055.13,23006170.86,22416405.56,24024935.39
248,20843793.96,21351305.89,24700287.27,22487266.8,20234116.77,23006519.48,22416760.01,24024622.51
248.5,20843682.92,21351407,24700361.39,22487122.25,20234181.38,23006861.55,22417115.01,24024310.89
249,20843577.41,21351513.94,24700434.11,22486983.96,20234241.02,23007205.2,22417472.1,24023997.76
249.5,20843467.92,21351614.35,24700514.57,22486837.07,20234300.17,23007546.33,22417823.78,24023682.32
250,20843354.53,21351722.56,24700594.08,22486695.14,20234362.74,23007882.94,22418180.39,24023373.87
250.5,20843244.82,21351828.48,24700672.37,22486549.72,20234421.42,23008228.54,22418535.68,24023056.28
251,20843139.48,21351932.49,24700747.73,22486408.01,20234485.65,23008565.84,22418891,24022746.33
251.5,20843026.32,21352040.5,24700821.87,22486263.07,20234548.2,23008911.83,22419244.75,24022427.28
252,20842917.25,21352144.21,24700900.8,22486121.93,20234609.12,23009254.02,22419598.48,24022122.2
252.5,20842810.95,21352245.54,24700978.85,22485978.52,20234667.29,23009592.5,22419954.04,24021807.36
253,20842696.91,21352349.41,24701055.97,22485836.95,20234729.26,23009936.55,22420308.71,24021494.82
253.5,20842589.61,21352454.5,24701136.42,22485693.07,20234791.96,23010280.79,22420662.23,24021181.25
254,20842484.35,21352557.94,24701210.67,22485548.03,20234853.46,23010626.38,22421018.34,24020868.92
254.5,20842370.27,21352661.74,24701292.74,22485409.03,20234915.99,23010964.16,22421371.68,24020555.68
255,20842259.45,21352768.68,24701367.06,22485259.41,20234973.73,23011310.28,22421724.59,24020238.96
255.5,20842149.87,21352871.48,24701445.66,22485121.34,20235037.67,23011652.76,22422084.3,24019931.1
256,20842043.11,21352978.32,24701521.68,22484982.4,20235098.46,23011990.87,22422436.1,24019612.88
256.5,20841929.98,21353086.35,24701597.21,22484838.48,20235157.4,23012333.35,22422792.11,24019305.18
257,20841822.46,21353188.32,24701676.18,22484691.5,20235220.48,23012675.28,22423148.3,24018991.73
257.5,20841714.52,21353294.23,24701758.27,22484548.9,20235286.06,23013020.5,22423501.92,24018677.02
258,20841605.97,21353398.41,24701831.98,22484403.69,20235345.17,23013363.25,22423859.9,24018364.01
258.5,20841493.5,21353501.43,24701912.32,22484263.91,20235406.6,23013703.08,22424214.99,24018052.37
259,20841386.51,21353606.68,24701990.55,22484121.45,20235468.76,23014046.71,22424567.6,24017739.22
259.5,20841273.63,21353714.85,24702066.59,22483978.87,20235531.37,23014389.32,22424925.19,24017423.18
260,20841165.11,21353819.17,24702145.77,22483837.02,20235592.79,23014730.25,22425281.96,24017116.21
260.5,20841059.87,21353920.35,24702223.38,22483689.61,20235654.41,23015067.85,22425636.95,24016797.59
261,20840948.56,21354025.44,24702298.66,22483546.35,20235719.48,23015413.52,22425990.5,24016487.87
261.5,20840834.68,21354130.96,24702379.2,22483408.57,20235776.66,23015762.7,22426341.54,24016176.61
262,20840726.08,21354235.36,24702456.97,22483267.37,20235840.36,23016098.42,22426699.87,24015858.78
262.5,20840620.71,21354345.59,24702529.8,22483122.2,20235897.41,23016440.41,22427057.23,24015550.26
263,20840512.52,21354449.59,24702609.96,22482975.82,20235960.94,23016782.03,22427408.17,24015239.55
263.5,20840403.27,21354553.16,24702690.48,22482840.13,20236023.78,23017127.52,22427767.61,24014924.43
264,20840295.31,21354658.36,24702769.46,22482696.91,20236089.32,23017469.84,22428120.06,24014610.18
264.5,20840185.51,21354764.4,24702846.02,22482555.14,20236144.21,23017809.01,22428475.6,24014296.77
265,20840077.43,21354869.2,24702927.85,22482411.63,20236211.6,23018152.52,22428835.05,24013983.23
265.5,20839966.67,21354973.35,24703003.96,22482265.83,20236272.71,23018496.82,22429189.53,24013673.36
266,20839856.37,21355077.51,24703177.01,22482124.77,20236333.98,23018836.39,22429544.8,24013359.83
266.5,20839750.31,21355181.92,24703256,22481981.99,20236396.85,23019179.51,22429899.22,24013047.76
267,20839641.69,21355291.93,24703325.47,22481837.69,20236458.29,23019520.33,22430256.34,24012738.23
267.5,20839528.46,21355392.44,24703409.72,22481698.35,20236522.55,23019868.4,22430609.87,24012423.34
268,20839419.37,21355499.86,24703494.2,22481558.89,20236581.89,23020209.58,22430963.35,24012112.61
268.5,20839311.43,21355610.16,24703565.7,22481414.7,20236645.23,23020553.17,22431320.23,24011790.63
269,20839202.98,21355713.2,24703646.88,22481271.72,20236705.02,23020892.26,22431672.33,24011479.64
269.5,20839093.47,21355819.47,24703727.68,22481131.72,20236765.24,23021234.94,22432030.18,24011170.97
270,20838988.61,21355922.15,24703803.65,22480986.26,20236829.67,23021576.68,22432382.88,24010853.53
270.5,20838877.08,21356026.79,24703885.02,22480847.56,20236889.47,23021922.16,22432737.99,24010543.54
271,20838767.48,21356132.68,24703950.52,22480705.39,20236954.32,23022264,22433093.25,24010228.56
271.5,20838660.71,21356239.42,24704043.71,22480564.03,20237016.44,23022608.21,22433450.86,24009917.07
272,20838548.69,21356345.75,24704117.12,22480420.2,20237078.39,23022949.05,22433807.27,24009603.72
272.5,20838441.28,21356452.14,24704193.05,22480280.22,20237142.56,23023287.93,22434157.27,24009290.79
273,20838328.18,21356561.28,24704266.61,22480138.85,20237203.24,23023635.85,22434514.23,24008973.01
273.5,20838221.11,21356663.98,24704361.93,22479995.26,20237264.77,23023978.81,22434871.16,24008661.72
274,20838114.85,21356771.56,24704429.17,22479855.24,20237329.72,23024320.5,22435227.95,24008349.52
274.5,20838007.93,21356876.19,24704502.2,22479716.14,20237389.21,23024660.09,22435583.69,24008038.09
275,20837891.13,21356985.72,24704589.24,22479570.36,20237451.94,23025006.21,22435936.33,24007723.13
275.5,20837788.37,21357086.34,24704672.74,22479429.96,20237514.14,23025348.25,22436294.22,24007407.63
276,20837677.09,21357193.9,24704763.8,22479289.39,20237578.08,23025693.48,22436648.32,24007094.71
276.5,20837567.97,21357299.72,24704736.99,22479149.48,20237641.81,23026031.03,22436996.64,24006783.68
277,20837461.02,21357408.23,24704821.41,22479007.05,20237701.45,23026377.83,22437355.06,24006469.14
277.5,20837352.08,21357513.81,24704900.06,22478864.59,20237767.78,23026719.82,22437709.55,24006155.1
278,20837245.3,21357618.88,24704980.08,22478728.21,20237826.58,23027063.53,22438062.42,24005838.15
278.5,20837130.54,21357724.02,24705058.52,22478584.59,20237889.8,23027407.84,22438419.14,24005522.91
279,20837024.46,21357831.26,24705138.81,22478443.89,20237951.34,23027748.76,22438773.26,24005209.75
279.5,20836916.12,21357935.19,24705222.01,22478297.96,20238013.58,23028091.35,22439130.25,24004899.6
280,20836808.64,21358044.84,24705302.72,22478159.4,20238075.48,23028437.35,22439481.2,24004581.02
280.5,20836698.24,21358152.74,24705382.31,22478017.62,20238139.33,23028775.91,22439836.42,24004267.58
281,20836591.39,21358259.98,24705459.93,22477880.88,20238201.12,23029123.22,22440193.06,24003956.07
281.5,20836477.89,21358364.89,24705541.07,22477734.04,20238263.59,23029464.02,22440544.21,24003644.2
282,20836371.71,21358472.17,24705617.16,22477595.36,20238329.45,23029811.3,22440902.95,24003329.43
282.5,20836268.6,21358578.08,24705697.46,22477452.99,20238389.22,23030150.63,22441261.57,24003015.05
283,20836157.31,21358683.92,24705775.23,22477314.42,20238451.59,23030492.31,22441611.55,24002701.85
283.5,20836048.14,21358788.87,24705859.74,22477174.09,20238518.81,23030837.68,22441969.72,24002388.36
284,20835936.12,21358898.87,24705939.01,22477034.38,20238577.47,23031182.76,22442323.9,24002072.92
284.5,20835831.85,21359004.04,24706021.37,22476893.52,20238639.97,23031523.86,22442676.71,24001759.1
285,20835722.02,21359109.47,24706102.87,22476750.27,20238706.8,23031868.35,22443032.35,24001445.18
285.5,20835614.43,21359219.41,24706182.34,22476609.78,20238766.19,23032205.95,22443385.37,24001132.91
286,20835508.01,21359325.1,24706264.97,22476466.36,20238833.86,23032555.29,22443741.63,24000823.36
286.5,20835399.05,21359429.9,24706343.58,22476330.73,20238891.73,23032897.14,22444094.33,24000503.44
287,20835290.59,21359536.05,24706423.35,22476186,20238960.4,23033237.6,22444454.29,24000192.36
287.5,20835181.26,21359647.04,24706504.92,22476048.86,20239020.67,23033581.42,22444804.13,23999873.35
288,20835071.96,21359755.53,24706580.4,22475907.51,20239084.74,23033925.55,22445160.66,23999566.21
288.5,20834966.64,21359856.06,24706665.37,22475762.22,20239147.73,23034266.75,22445518.06,23999251.67
289,20834854.11,21359962.48,24706745.62,22475624.14,20239207.96,23034613.23,22445870.82,23998938.85
289.5,20834750.09,21360072.88,24706826.98,22475483.43,20239268.19,23034952.95,22446226.42,23998625.9
290,20834640.51,21360179.9,24706908.94,22475344.45,20239335.05,23035298.02,22446581.03,23998309.49
290.5,20834530.76,21360286.3,24706988.1,22475205.55,20239398.98,23035643.65,22446937.51,23997998.41
291,20834420.36,21360395.02,24707069.43,22475063.2,20239461.27,23035981.81,22447294.69,23997682.9
291.5,20834316.67,21360501.99,24707147.94,22474920.98,20239524.27,23036326.48,22447647.25,23997372.94
292,20834205.66,21360606.99,24707231.19,22474782.8,20239586.11,23036675.31,22448002.31,23997056.22
292.5,20834098.17,21360712.38,24707310.21,22474640.11,20239653.53,23037017.28,22448360.2,23996741.42
293,20833991.35,21360822.16,24707391.98,22474499.01,20239714.39,23037358.81,22448714.83,23996428.29
293.5,20833884.37,21360931.78,24707469.3,22474359.89,20239778.92,23037704.59,22449069.18,23996117.08
294,20833773.75,21361037.48,24707556.4,22474221.68,20239840.56,23038047.69,22449422.13,23995801.54
294.5,20833662.97,21361143.46,24707634.61,22474078.58,20239903.36,23038389.81,22449778.98,23995488.3
295,20833556.84,21361254.62,24707715.31,22473937.11,20239968.61,23038728.3,22450136.58,23995174.24
295.5,20833447.84,21361357.67,24707795.67,22473798.81,20240028.22,23039076.59,22450490.32,23994859.33
296,20833345.76,21361465.64,24707875.93,22473657.83,20240096.89,23039414.58,22450848.58,23994543.95
296.5,20833231.09,21361577.34,24707959.74,22473519.34,20240157.1,23039759.41,22451202.02,23994229.93
297,20833123.7,21361679.4,24708039.27,22473377.4,20240219,23040104.6,22451558.39,23993920.09
297.5,20833017.24,21361789.12,24708118.22,22473235.17,20240282.23,23040446.87,22451912.01,23993604.54
298,20832905.33,21361898.91,24708202.04,22473097.95,20240350.16,23040790.8,22452268.56,23993292.09
298.5,20832799.24,21362005.44,24708282.01,22472959.59,20240410.33,23041134.16,22452620.78,23992979.4
299,20832695.11,21362111.97,24708362.91,22472819.55,20240476.39,23041480.78,22452978.58,23992666.3
299.5,20832587.2,21362221.5,24708442.75,22472677.98,20240535.56,23041820.55,22453336.51,23992356.34
300,20832478.73,21362330.24,24708527.13,22472536.67,20240599.72,23042164.75,22453692.14,23992042.45
300.5,20832372.61,21362434.15,24708607.39,22472395.13,20240667.58,23042511.51,22454049.34,23991725.74
301,20832261.01,21362543.68,24708684.73,22472262.93,20240724.59,23042853.94,22454401.3,23991410.3
301.5,20832153.59,21362648.38,24708769.02,22472116.55,20240791.14,23043194.3,22454754.57,23991095.16
302,20832046.58,21362761.44,24708851.55,22471981.32,20240855.04,23043541.69,22455111.95,23990784.85
302.5,20831941.15,21362863.24,24708933.54,22471840.2,20240918.56,23043883.15,22455468.86,23990470.58
303,20831828.8,21362975.39,24709013.7,22471697.73,20240979.1,23044224.77,22455822.36,23990154.53
303.5,20831724.13,21363081.14,24709094.3,22471559.46,20241045.12,23044569.5,22456183.32,23989843.25
304,20831615.81,21363190.56,24709177.12,22471418.61,20241110.97,23044916.76,22456530.57,23989531.01
304.5,20831510.81,21363303.57,24709256.66,22471275.76,20241176.69,23045252.53,22456888.73,23989215.22
305,20831399,21363406.7,24709344.19,22471133.2,20241238.04,23045600.2,22457244.52,23988906.84
305.5,20831291.58,21363516.8,24709425.06,22471000.12,20241299.53,23045941.39,22457600.1,23988589.07
306,20831183.13,21363622.69,24709502.57,22470859.56,20241367.27,23046285.84,22457956.24,23988276.5
306.5,20831076.17,21363729.47,24709585.38,22470723.01,20241428.35,23046629.23,22458313.73,23987963.36
307,20830972.07,21363836.29,24709668.31,22470579.74,20241488.45,23046972.03,22458670.2,23987652.14
307.5,20830860.09,21363948.62,24709746.99,22470436.27,20241557.91,23047318.08,22459023.4,23987338.98
308,20830757.24,21364055.99,24709828.58,22470303.04,20241622.04,23047660.14,22459380.09,23987024.31
308.5,20830645.76,21364163.03,24709909.93,22470159.16,20241686.58,23048003.55,22459740.32,23986714.21
309,20830538.85,21364269.19,24709989.58,22470018.82,20241748.86,23048343.89,22460095.03,23986399.59
309.5,20830433.83,21364377.96,24710074.2,22469881.14,20241810.88,23048689.67,22460452.96,23986088.62
310,20830323.4,21364490.11,24710156.39,22469737.72,20241877.56,23049033.71,22460808.81,23985775.59
310.5,20830219.4,21364597.3,24710232.36,22469603.14,20241939.94,23049376.91,22461165.2,23985458.19
311,20830110.76,21364700.79,24710315.43,22469466.21,20242005.46,23049717.68,22461520.47,23985150.65
311.5,20830004.22,21364810.67,24710396.89,22469320.66,20242072.92,23050062.45,22461875.49,23984835.56
312,20829892.25,21364920.92,24710479.7,22469183.97,20242130.42,23050405.29,22462233.82,23984524.77
312.5,20829789.56,21365028.1,24710558.27,22469039.46,20242195.06,23050748.18,22462592.13,23984211.27
313,20829685.03,21365133.16,24710638.99,22468905.82,20242261.03,23051090.9,22462948.83,23983896.12
313.5,20829577.03,21365245.38,24710725.01,22468766.99,20242324.06,23051434.05,22463300.34,23983586.95
314,20829468.1,21365354.62,24710802.44,22468622.92,20242387.75,23051775.92,22463662.35,23983274.72
314.5,20829362.55,21365463.38,24710885.01,22468483.92,20242458.02,23052124.36,22464017.02,23982959.41
315,20829255.68,21365571.6,24710969.39,22468341.72,20242519.31,23052464.9,22464375.34,23982649.23
315.5,20829147.28,21365681.26,24711045.73,22468203.59,20242581.41,23052808.87,22464728.3,23982333.32
316,20829038.19,21365791.3,24711126.28,22468068.16,20242645.23,23053151.84,22465089.08,23982020.92
316.5,20828933.47,21365893.91,24711209.95,22467925.84,20242710.87,23053496.85,22465441.61,23981717.5
317,20828825.75,21366007.97,24711292.57,22467785.39,20242774.82,23053838.51,22465796.95,23981396.77
317.5,20828719.21,21366115.63,24711373.91,22467643.14,20242841.59,23054183.02,22466159.32,23981088.52
318,20828616.11,21366222.16,24711453.89,22467505.06,20242903.72,23054521.26,22466513.83,23980771.51
318.5,20828504.53,21366336.28,24711531.56,22467365.92,20242973.62,23054869.99,22466872.56,23980463.21
319,20828397.03,21366440.25,24711617.57,22467225.05,20243034.11,23055210.65,22467230.04,23980151.06
319.5,20828287.86,21366550.16,24711696.9,22467084.8,20243096.42,23055556.06,22467587.37,23979843.04
320,20828183.87,21366657.69,24711777.83,22466949.87,20243164.27,23055903.11,22467943.76,23979528.95
320.5,20828077.88,21366769.32,24711859.57,22466803.78,20243225.27,23056242.34,22468299.95,23979214.61
321,20827973.12,21366878.87,24711942.03,22466668.56,20243296.1,23056585.89,22468663.27,23978902.33
321.5,20827865.38,21366985.24,24712022.24,22466529.66,20243355.92,23056931.11,22469020.53,23978586.54
322,20827753.9,21367093.78,24712105.73,22466392.52,20243418.54,23057271.54,22469374.73,23978279.68
322.5,20827650.18,21367206.6,24712185.72,22466252.04,20243483.33,23057615.29,22469732.87,23977967.1
323,20827541.84,21367313.2,24712269.03,22466110.97,20243547.88,23057958.09,22470088.44,23977654.73
323.5,20827437.88,21367420.36,24712348.92,22465971.18,20243612.35,23058306.01,22470447.55,23977340.53
324,20827332.09,21367527.83,24712432.39,22465830.07,20243678.47,23058644.62,22470803.64,23977025.21
324.5,20827222.37,21367641.77,24712512.96,22465692.91,20243748.06,23058988.41,22471157.76,23976718.28
325,20827119.18,21367750.97,24712594.49,22465553.21,20243809.28,23059332.44,22471520.34,23976403.84
325.5,20827012.93,21367862.32,24712677.66,22465414.22,20243872.69,23059674.14,22471875.86,23976094.77
326,20826906.53,21367967.83,24712761.49,22465274.07,20243939.55,23060019.28,22472233.36,23975781.7
326.5,20826800.2,21368077.27,24712840.92,22465135.98,20244000.72,23060359.38,22472588.1,23975469.3
327,20826689.06,21368183.8,24712919.47,22464995.93,20244069,23060707.15,22472946.59,23975156.76
327.5,20826587.41,21368295.72,24713003.92,22464858.37,20244133.77,23061049.21,22473304.56,23974844.63
328,20826478.46,21368406.24,24713083.5,22464716.94,20244198.44,23061388.59,22473659.71,23974532.73
328.5,20826369.75,21368511.88,24713167.8,22464579.38,20244265.13,23061734.47,22474021.58,23974223.49
329,20826264.5,21368624.78,24713247.35,22464440.36,20244325.99,23062082.9,22474379.87,23973908.5
329.5,20826158.46,21368736.96,24713330.1,22464299.93,20244393.16,23062421.33,22474733.2,23973596.8
330,20826052.7,21368844.05,24713415.27,22464166.67,20244454.21,23062766.35,22475090.15,23973285.65
330.5,20825948.48,21368948.42,24713495.58,22464022.78,20244517.46,23063107.05,22475451.79,23972978.12
331,20825840.99,21369058.38,24713579.87,22463883.18,20244590.14,23063453.98,22475806.19,23972662.01
331.5,20825732.36,21369174.67,24713661.67,22463743.58,20244652.29,23063797.15,22476166.69,23972351.91
332,20825627.37,21369281.4,24713738.79,22463608.03,20244720.08,23064136.48,22476522.65,23972040.72
332.5,20825521.88,21369390.14,24713823.55,22463467.64,20244783.64,23064484.11,22476880.24,23971725.59
333,20825414.22,21369502.35,24713904.59,22463328.95,20244848.47,23064827.96,22477235.13,23971414.14
333.5,20825307.68,21369607.73,24713984.45,22463191.45,20244912.74,23065166.73,22477596.42,23971104.86
334,20825202.52,21369717.19,24714069.57,22463053.9,20244977.76,23065507.26,22477954.93,23970790.76
334.5,20825098.48,21369828.89,24714153.82,22462912.69,20245041.7,23065857.17,22478308.69,23970477.71
335,20824993.14,21369936.99,24714235.35,22462766.94,20245108.11,23066196.78,22478667.9,23970165.94
335.5,20824880.6,21370049.43,24714315.69,22462638.32,20245174.11,23066541.17,22479025.05,23969853.91
336,20824778.07,21370156.36,24714399.6,22462498.98,20245236.85,23066880.53,22479386.05,23969544.54
336.5,20824671.55,21370264.63,24714479.34,22462358.95,20245304.91,23067227.96,22479742.21,23969231.99
337,20824566.94,21370379.49,24714564.24,22462218.52,20245367.74,23067573.25,22480097.78,23968919.61
337.5,20824457.99,21370491.52,24714647.72,22462082.68,20245433.94,23067917.34,22480460.08,23968605.29
338,20824356.83,21370597.13,24714732.81,22461939.21,20245500.96,23068258,22480816.92,23968295.9
338.5,20824249.05,21370710.23,24714814.38,22461806.65,20245566.58,23068605.25,22481173.15,23967980.89
339,20824142.97,21370820.71,24714894.58,22461664.35,20245632.32,23068943.75,22481530.21,23967673.22
339.5,20824035.7,21370931.62,24714981.08,22461524.24,20245692.5,23069288.07,22481886.98,23967359.97
340,20823929.54,21371036.94,24715057.87,22461388.45,20245764.44,23069637.5,22482245.23,23967047.75
340.5,20823821.03,21371148.5,24715142.76,22461246.07,20245829.77,23069979.75,22482606.18,23966737.04
341,20823715.63,21371257.83,24715228.13,22461113.46,20245893.37,23070320.5,22482960.24,23966425.37
341.5,20823610.26,21371366.44,24715308.17,22460970.15,20245960.18,23070665.08,22483320.82,23966114.99
342,20823501.84,21371481.51,24715391.15,22460831.52,20246023.89,23071009.35,22483679.25,23965804.25
342.5,20823404.58,21371589.73,24715474.36,22460694.52,20246089.55,23071355.19,22484034.74,23965488.5
343,20823297.05,21371700.64,24715557.18,22460560.11,20246155.88,23071696.72,22484391.83,23965178.69
343.5,20823187.64,21371807.74,24715637.34,22460419.68,20246220.76,23072039.98,22484751.78,23964866.63
344,20823082.29,21371921.44,24715818.22,22460279.75,20246285.13,23072383.6,22485109.64,23964557.58
344.5,20822975.27,21372029.04,24715900.42,22460141.21,20246355.41,23072728.44,22485466.76,23964241.36
345,20822868.21,21372137.78,24715984.52,22460000.98,20246418.01,23073069.37,22485826.8,23963932.45
345.5,20822762.31,21372253.26,24716070.12,22459864.11,20246484.21,23073414.9,22486182.41,23963620.06
346,20822658.24,21372362.94,24716148.96,22459729.47,20246550.38,23073761.67,22486541.22,23963307.35
346.5,20822551.01,21372471.6,24716224.59,22459591.77,20246615.18,23074105.3,22486897.87,23962993.22
347,20822449,21372581.96,24716308.64,22459453.83,20246680.17,23074448.64,22487255.75,23962681.14
347.5,20822343.89,21372694.57,24716405.1,22459314.11,20246746.88,23074792.97,22487614.23,23962368.62
348,20822234.56,21372801.57,24716482.79,22459173.99,20246813.23,23075134.05,22487975.33,23962055.77
348.5,20822128.48,21372913.55,24716565.82,22459038.13,20246881.15,23075478.88,22488330.66,23961745.44
349,20822024.23,21373026.85,24716656.3,22458902.35,20246944.87,23075824.2,22488686.23,23961434.18
349.5,20821918.95,21373137.49,24716740.6,22458763.07,20247010.24,23076165.46,22489042.49,23961121.57
350,20821814.55,21373246.57,24716821.43,22458626.11,20247078.63,23076509.08,22489399.84,23960805.16
350.5,20821704.85,21373357.48,24716902.48,22458490.2,20247142.9,23076857,22489762.87,23960502.02
351,20821600.23,21373471.54,24716988.81,22458352.68,20247207.14,23077198.37,22490122.82,23960182.37
351.5,20821494.46,21373580.67,24717064.58,22458213.47,20247276.65,23077538.77,22490475.81,23959873.14
352,20821388.01,21373691.95,24717150.79,22458077.21,20247343.1,23077889.05,22490834.37,23959555.98
352.5,20821285.79,21373800.66,24717236.37,22457938.22,20247402.81,23078232.36,22491190.76,23959242.17
353,20821178.29,21373915.03,24717316.42,22457801.4,20247469.25,23078573.83,22491547.79,23958931.85
353.5,20821072.62,21374024.16,24717401.71,22457662.63,20247536.35,23078916.12,22491908.27,23958622.05
354,20820966.37,21374135.14,24717492.67,22457526.12,20247606.55,23079262.93,22492266.38,23958307.72
354.5,20820860.43,21374246.01,24717482.81,22457388.02,20247671.1,23079606.98,22492619.77,23957997.79
355,20820758.75,21374361.23,24717562.65,22457251.28,20247735.43,23079949.59,22492978.64,23957683.92
355.5,20820651.44,21374467.13,24717647.51,22457112.76,20247806.01,23080293.51,22493334.87,23957371.7
356,20820548.36,21374579.81,24717733.25,22456978.17,20247866.81,23080640.52,22493693.13,23957056.62
356.5,20820438.51,21374690.73,24717819.39,22456840.34,20247935.74,23080981.68,22494047.15,23956745.07
357,20820332.63,21374804.4,24717903.69,22456705.73,20248000.15,23081329.12,22494405.19,23956431.28
357.5,20820229.82,21374915.77,24717985.45,22456567.57,20248070.4,23081671.61,22494766.91,23956117.4
358,20820128.45,21375024.78,24718071.09,22456432.16,20248133.58,23082015.55,22495124.36,23955807.54
358.5,20820017.97,21375139.8,24718159.15,22456296.55,20248198.95,23082362.94,22495482.47,23955494.37
359,20819909.94,21375246.42,24718244.09,22456154.93,20248268.77,23082700.22,22495833.73,23955182.59
359.5,20819807.72,21375356.03,24718327.51,22456023,20248330.96,23083045.98,22496195.13,23954864.33
360,20819697.99,21375471.56,24718409.01,22455882.07,20248399.6,23083394.35,22496550.65,23954553.03
360.5,20819593.27,21375579.61,24718495.16,22455746.19,20248467.67,23083736.53,22496909.83,23954240.65
361,20819488.46,21375698.46,24718583.4,22455611.16,20248534.66,23084084.01,22497268.83,23953929.07
361.5,20819385.99,21375805.54,24718664.16,22455471.69,20248598.63,23084425.39,22497623.27,23953617.31
362,20819278.9,21375918.58,24718750.87,22455339.33,20248666.16,23084771.89,22497987.24,23953302.42
362.5,20819174.4,21376027.61,24718830.63,22455197.24,20248731.64,23085114.34,22498340.23,23952989.7
363,20819068.82,21376140.8,24718922.3,22455064.69,20248797.01,23085460.68,22498699.37,23952679.71
363.5,20818965.42,21376248.42,24719004.99,22454924.86,20248869.21,23085802.4,22499054.84,23952365.34
364,20818858.08,21376361.74,24719093.09,22454789.74,20248932.41,23086148.72,22499410.79,23952049.61
364.5,20818753.02,21376477.75,24719178.21,22454652.06,20249001.36,23086492.32,22499771.05,23951740.92
365,20818649.3,21376586.9,24719258.62,22454518.28,20249067.35,23086835.52,22500128.98,23951427.91
365.5,20818545.62,21376700.42,24719345.65,22454379.73,20249131.67,23087183.96,22500488.36,23951114.47
366,20818436.02,21376815.42,24719434.47,22454240.4,20249195.09,23087523.15,22500844.35,23950803.85
366.5,20818332.41,21376924.79,24719516.79,22454106.11,20249267.24,23087869.5,22501200.81,23950487.66
367,20818225.55,21377037.24,24719601.17,22453965.81,20249330.4,23088216.99,22501557.76,23950177.13
367.5,20818121.29,21377146.38,24719687.01,22453835.17,20249396.68,23088562.09,22501915.07,23949862.68
368,20818018.83,21377259.12,24719771.32,22453696.55,20249468.28,23088905.9,22502273.04,23949552.02
368.5,20817911.59,21377371.35,24719860.71,22453563.77,20249533.43,23089248.63,22502632.02,23949242.12
369,20817807.85,21377484.5,24719941.31,22453423.08,20249597.79,23089594.64,22502988.76,23948922.83
369.5,20817701.98,21377596.23,24720030.05,22453285.58,20249666.42,23089937.28,22503348.51,23948613.4
370,20817599.43,21377706.86,24720114.84,22453153.98,20249732.49,23090280.15,22503705.41,23948301.75
370.5,20817493.96,21377820.27,24720195.89,22453013.09,20249802.15,23090626.94,22504062.86,23947988.2
371,20817389.34,21377932.18,24720282.24,22452880.91,20249865.15,23090972.45,22504421.33,23947675.11
371.5,20817282.63,21378045.36,24720369.72,22452745.07,20249934.06,23091315.02,22504779.47,23947362.63
372,20817179.21,21378153.47,24720455.29,22452605.63,20250003.01,23091660.81,22505134.67,23947045.05
372.5,20817075.84,21378267.43,24720539.88,22452468.44,20250070.11,23092005.38,22505498.1,23946738.17
373,20816972.42,21378379.77,24720628.21,22452333.02,20250133.16,23092346.4,22505855.87,23946426.28
373.5,20816867.16,21378493.26,24720712.03,22452196.42,20250199.66,23092693.87,22506212.24,23946109.45
374,20816756.76,21378601.31,24720797.85,22452065.9,20250267.09,23093039.28,22506570.27,23945801.37
374.5,20816656.33,21378719.44,24720885.41,22451921.36,20250337.16,23093383.59,22506926.4,23945489.47
375,20816548.38,21378836.59,24720971.58,22451793.18,20250399.36,23093730.82,22507285.56,23945172.44
375.5,20816441.6,21378947.79,24721053.43,22451657.52,20250474.94,23094075.75,22507643.78,23944863.77
376,20816343.4,21379055.45,24721139.54,22451519.63,20250536.62,23094414.61,22508002.62,23944544.91
376.5,20816236.19,21379166.77,24721229.76,22451380.35,20250605.29,23094757.38,22508359.9,23944238.29
377,20816126.35,21379280.92,24721313.69,22451247.13,20250672.55,23095107.49,22508717.78,23943921.56
377.5,20816027.86,21379394.11,24721397.21,22451111.8,20250739.18,23095453.36,22509075.87,23943610.66
378,20815917.69,21379507.72,24721485.92,22450973.91,20250805.1,23095798.2,22509436.19,23943297.36
378.5,20815815.48,21379621,24721569.82,22450834.46,20250871.23,23096139.25,22509794.78,23942982.33
379,20815707.3,21379733.34,24721655.55,22450700.36,20250940.45,23096485.17,22510151.18,23942673.18
379.5,20815606.07,21379846.07,24721742.63,22450567.68,20251005.38,23096828.28,22510508.65,23942360.64
380,20815504.93,21379955.59,24721829.31,22450432.04,20251078.26,23097172.48,22510865.32,23942049.24
380.5,20815399.06,21380070.42,24721909.53,22450295.87,20251141.12,23097517.21,22511220.89,23941735.9
381,20815297.12,21380182.43,24721999.68,22450159.65,20251210.13,23097861.14,22511583.9,23941426.67
381.5,20815190.53,21380294.58,24722083.86,22450020.93,20251275.45,23098205.59,22511939.06,23941113.5
382,20815083.29,21380406.89,24722172.65,22449888.29,20251340.91,23098552.63,22512298.26,23940801.91
382.5,20814979.75,21380521.53,24722255.11,22449751.15,20251412.43,23098901.62,22512662.08,23940488.63
383,20814874.18,21380632.23,24722341.94,22449615.3,20251479.85,23099240.62,22513017.16,23940175.91
383.5,20814771.21,21380746.15,24722430.73,22449483.61,20251546.72,23099584.92,22513376.76,23939863.33
384,20814667.58,21380861.48,24722518.87,22449343.23,20251617.32,23099930.17,22513730.03,23939550.37
384.5,20814561.54,21380973.31,24722602.34,22449209.1,20251681.44,23100274.3,22514091,23939238.28
385,20814455.52,21381089.31,24722687.97,22449072.93,20251748.38,23100620.43,22514450.33,23938922.85
385.5,20814357.27,21381196.66,24722776.51,22448937.09,20251814.87,23100967.77,22514807.7,23938612.71
386,20814249.26,21381308.27,24722862.45,22448805.46,20251881.02,23101308.3,22515167.6,23938301.53
386.5,20814146.66,21381426.02,24722946.03,22448668.92,20251949.65,23101651.47,22515527.86,23937991.73
387,20814039.72,21381543.19,24723035.06,22448528.43,20252020.6,23101994.21,22515885.65,23937678.43
387.5,20813937.04,21381652.49,24723118.33,22448395.27,20252087.71,23102347.61,22516246.02,23937365.65
388,20813833.36,21381769.36,24723201.49,22448258.98,20252152.36,23102687.64,22516602.72,23937053.04
388.5,20813731.14,21381877.57,24723289.3,22448125.6,20252223.59,23103032.31,22516960.93,23936743.36
389,20813625.12,21381994.16,24723380.1,22447988.98,20252294.82,23103377.38,22517324.07,23936431.25
389.5,20813517.61,21382104.83,24723463.61,22447852.21,20252358.6,23103721.6,22517681.18,23936118.23
390,20813422.22,21382220.26,24723547.04,22447717.47,20252428.43,23104064.38,22518038.34,23935807.99
390.5,20813312.62,21382334.99,24723636,22447578.62,20252492.21,23104409.64,22518400.38,23935493.81
391,20813206.33,21382445.73,24723719.17,22447448.51,20252558.29,23104753.01,22518754.54,23935186.06
391.5,20813106.46,21382562.14,24723807.05,22447312.88,20252627.14,23105095.93,22519117.67,23934872.74
392,20812998.53,21382671.8,24723891.37,22447176.35,20252699.21,23105448.22,22519473.65,23934563.98
392.5,20812895.01,21382784.83,24723978.8,22447039.04,20252765.7,23105791.2,22519835.74,23934253.79
393,20812794.9,21382901.97,24724061.95,22446906.21,20252834.51,23106132.2,22520194.07,23933938.45
393.5,20812687.68,21383014.32,24724145.79,22446767.19,20252900.64,23106475.19,22520555.91,23933626.21
394,20812587.68,21383125.59,24724236.7,22446630.53,20252972.2,23106818.95,22520915.18,23933319.75
394.5,20812481.07,21383235.78,24724324.45,22446497.57,20253038.18,23107164.79,22521272.62,23933003.91
395,20812382.68,21383354.17,24724403.6,22446363.47,20253103.48,23107507,22521631.79,23932692.2
395.5,20812273.62,21383466.01,24724491.92,22446225.74,20253174.61,23107858.88,22521991.43,23932379.32
396,20812172.83,21383580.49,24724578.15,22446088.04,20253243.88,23108198.52,22522354.72,23932068.26
396.5,20812069.65,21383693.23,24724665.16,22445958.01,20253310.57,23108545.05,22522714.02,23931764.57
397,20811965.55,21383809.38,24724752.86,22445819.38,20253373.08,23108885.05,22523070.47,23931448.42
397.5,20811858.39,21383917.45,24724837.5,22445685.29,20253446.13,23109228.12,22523431.58,23931134.56
398,20811757.4,21384036.35,24724923.04,22445547.12,20253514.31,23109576.17,22523793.13,23930829.4
398.5,20811656.51,21384150.49,24725012.11,22445412.97,20253581.87,23109919.79,22524150.89,23930519.9
399,20811547.93,21384261.9,24725093.83,22445282.95,20253648.56,23110268.24,22524508.71,23930205.57
399.5,20811448.05,21384376.04,24725180.39,22445140.8,20253720.22,23110611.44,22524871.15,23929891.93
400,20811342.15,21384490.18,24725268.04,22445006.38,20253785.43,23110955.88,22525228.88,23929581.13
400.5,20811239.56,21384602.57,24725354.99,22444874.1,20253860.97,23111297.24,22525593.03,23929276.23
401,20811135.25,21384720.23,24725440.04,22444736.85,20253923.46,23111644.57,22525948.53,23928961.75
401.5,20811033.67,21384835.07,24725529.33,22444602.55,20253994.43,23111990.76,22526310.59,23928648.88
402,20810931.1,21384949.41,24725610.07,22444471.09,20254063.28,23112330.71,22526674.15,23928341.28
402.5,20810824.57,21385064.13,24725695.32,22444328.4,20254134.45,23112674.56,22527032.12,23928028.37
403,20810724,21385171.75,24725787.28,22444194.96,20254200.12,23113022.8,22527391.16,23927716.96
403.5,20810618.45,21385287.81,24725872.97,22444058.45,20254271.52,23113363.91,22527753.83,23927404.04
404,20810516.92,21385397.67,24725958.21,22443929.26,20254337.3,23113708.9,22528107.21,23927094.66
404.5,20810411.53,21385522.37,24726045.17,22443792.59,20254406.31,23114054.68,22528468.69,23926780.67
405,20810311.34,21385631.91,24726133.37,22443657.83,20254471.3,23114398.8,22528830.25,23926474.77
405.5,20810202.34,21385744.86,24726213.63,22443517.4,20254539.29,23114742.36,22529190.7,23926162.43
406,20810098.2,21385863.51,24726307.21,22443390.04,20254608.41,23115090.18,22529551,23925849.96
406.5,20810003.94,21385971.74,24726390.43,22443251.33,20254679.81,23115432.51,22529912.9,23925539.59
407,20809895.65,21386086.92,24726476.91,22443116.63,20254748.23,23115779.9,22530269.51,23925227.98
407.5,20809793.07,21386204.67,24726564.64,22442983.15,20254817.25,23116123.48,22530632.44,23924918.32
408,20809691.34,21386318,24726652.42,22442851.08,20254885.01,23116468.01,22530991.35,23924604.63
408.5,20809588.1,21386431.52,24726738.89,22442712.16,20254954.24,23116812.43,22531350.78,23924297.65
409,20809479.84,21386545.32,24726827.08,22442576.52,20255019.47,23117157.61,22531712.79,23923986.26
409.5,20809380.74,21386661.92,24726914.01,22442441.35,20255095.02,23117502.78,22532075.16,23923670.76
410,20809275.35,21386778.83,24726998.15,22442307.51,20255161.54,23117844.73,22532431.86,23923363.4
410.5,20809173.39,21386890.23,24727085.45,22442175.23,20255229.29,23118187.96,22532793.19,23923054.49
411,20809069.91,21387006.87,24727172,22442038.4,20255296.47,23118536.92,22533149.15,23922744.05
411.5,20808972.93,21387119.83,24727257.73,22441903.21,20255365.76,23118879.78,22533511.3,23922430.4
412,20808867.25,21387233.58,24727348.13,22441765.29,20255439.7,23119224.2,22533872.7,23922120.33
412.5,20808759.67,21387351.04,24727432.21,22441637.87,20255503.16,23119571.98,22534230.6,23921804.95
413,20808657.69,21387462.59,24727520.33,22441500.94,20255568.47,23119912.09,22534590.01,23921498.03
413.5,20808555.32,21387578.78,24727607.65,22441367.49,20255643.81,23120260.75,22534951.36,23921192.38
414,20808452.51,21387695.66,24727691.75,22441229.35,20255711.77,23120602.97,22535311.08,23920874.59
414.5,20808352.71,21387810.88,24727782.81,22441099.88,20255778.34,23120949.11,22535673.01,23920564.3
415,20808249.57,21387922.48,24727867.47,22440958.83,20255847.8,23121292.72,22536035.04,23920255.01
415.5,20808143.72,21388040.48,24727954.23,22440823.5,20255918.8,23121642.41,22536393.28,23919941.6
416,20808039.14,21388153.42,24728042.7,22440693.59,20255986.41,23121986.87,22536755.22,23919634.4
416.5,20807934.33,21388267.31,24728131.89,22440556.31,20256057.36,23122323.32,22537113.55,23919323.6
417,20807833.59,21388382,24728216.84,22440423.5,20256126.08,23122669.48,22537475.41,23919011.88
417.5,20807731.17,21388496.57,24728303.03,22440290.89,20256197.78,23123016.56,22537840.15,23918704.43
418,20807628.36,21388616.75,24728388.06,22440151.8,20256263.59,23123363.46,22538200.07,23918386.18
418.5,20807530.86,21388729.4,24728480.16,22440020.58,20256334.64,23123707.6,22538558.2,23918080.77
419,20807423.44,21388843.26,24728563.53,22439886.44,20256402.38,23124048.87,22538919.22,23917767.11
419.5,20807322.51,21388960.25,24728648.53,22439752.84,20256471.74,23124397.86,22539279.19,23917459.6
420,20807223.3,21389073.33,24728745.11,22439622.58,20256540.03,23124745.99,22539638.67,23917146.44
420.5,20807115.51,21389185.99,24728828.59,22439485.22,20256612.3,23125085.55,22539999.66,23916831.31
421,20807013.72,21389301.17,24728919.02,22439347.77,20256676.91,23125430.5,22540361.01,23916523.72
421.5,20806910.58,21389419.62,24729000.16,22439216.19,20256749.67,23125774.5,22540716.49,23916214.18
422,20806810.53,21389535.13,24729186.17,22439080.92,20256815.59,23126118.81,22541081.02,23915904.78
422.5,20806705.03,21389648.84,24729275.05,22438945.31,20256887.76,23126468.1,22541440.3,23915590.49
423,20806605.56,21389765.48,24729357.59,22438812.23,20256958.19,23126809.69,22541805.38,23915280.39
423.5,20806500.47,21389880.45,24729452.38,22438676.94,20257027.03,23127158.01,22542161.41,23914969.17
424,20806401.89,21389993.39,24729539.25,22438544.55,20257099.73,23127501.23,22542521.95,23914655.96
424.5,20806294.31,21390108.63,24729629.68,22438410.42,20257170.58,23127845.9,22542878.91,23914350.69
425,20806195.46,21390224.74,24729720.36,22438279.04,20257235.88,23128191.79,22543242.79,23914034.49
